agent_type,agent_id,x,y,z,cell_state,additional_info
CANCER,1,19,27,24,PROGENITOR,divideCD=0;divideFlag=1
CANCER,2,20,20,22,PROGENITOR,divideCD=0;divideFlag=1
CANCER,3,20,21,22,PROGENITOR,divideCD=0;divideFlag=1
CANCER,4,21,20,25,PROGENITOR,divideCD=0;divideFlag=1
CANCER,5,22,23,26,PROGENITOR,divideCD=0;divideFlag=1
CANCER,6,19,21,26,PROGENITOR,divideCD=0;divideFlag=1
CANCER,7,20,21,28,PROGENITOR,divideCD=0;divideFlag=1
CANCER,8,21,24,25,PROGENITOR,divideCD=0;divideFlag=1
CANCER,9,20,24,21,PROGENITOR,divideCD=0;divideFlag=1
CANCER,10,18,24,22,PROGENITOR,divideCD=0;divideFlag=1
CANCER,11,18,22,27,PROGENITOR,divideCD=0;divideFlag=1
CANCER,12,20,24,30,PROGENITOR,divideCD=0;divideFlag=1
CANCER,13,22,27,21,PROGENITOR,divideCD=0;divideFlag=1
CANCER,14,21,26,23,PROGENITOR,divideCD=0;divideFlag=1
CANCER,15,18,28,24,PROGENITOR,divideCD=0;divideFlag=1
CANCER,16,22,25,24,PROGENITOR,divideCD=0;divideFlag=1
CANCER,17,18,27,27,PROGENITOR,divideCD=0;divideFlag=1
CANCER,18,20,22,29,PROGENITOR,divideCD=0;divideFlag=1
CANCER,19,22,27,27,PROGENITOR,divideCD=0;divideFlag=1
CANCER,20,21,24,23,PROGENITOR,divideCD=0;divideFlag=1
CANCER,21,20,25,27,PROGENITOR,divideCD=0;divideFlag=1
CANCER,22,18,25,23,PROGENITOR,divideCD=0;divideFlag=1
CANCER,23,17,26,28,PROGENITOR,divideCD=0;divideFlag=1
CANCER,24,19,26,28,PROGENITOR,divideCD=0;divideFlag=1
CANCER,25,19,30,24,PROGENITOR,divideCD=0;divideFlag=1
CANCER,26,21,28,23,PROGENITOR,divideCD=0;divideFlag=1
CANCER,27,18,28,25,PROGENITOR,divideCD=0;divideFlag=1
CANCER,28,20,24,27,PROGENITOR,divideCD=0;divideFlag=1
CANCER,29,21,29,27,PROGENITOR,divideCD=0;divideFlag=1
CANCER,30,22,30,26,PROGENITOR,divideCD=0;divideFlag=1
CANCER,31,21,20,26,PROGENITOR,divideCD=0;divideFlag=1
CANCER,32,20,23,22,PROGENITOR,divideCD=0;divideFlag=1
CANCER,33,25,20,23,PROGENITOR,divideCD=0;divideFlag=1
CANCER,34,20,23,25,PROGENITOR,divideCD=0;divideFlag=1
CANCER,35,21,18,27,PROGENITOR,divideCD=0;divideFlag=1
CANCER,36,20,21,26,PROGENITOR,divideCD=0;divideFlag=1
CANCER,37,22,22,21,PROGENITOR,divideCD=0;divideFlag=1
CANCER,38,17,21,24,PROGENITOR,divideCD=0;divideFlag=1
CANCER,39,21,22,24,PROGENITOR,divideCD=0;divideFlag=1
CANCER,40,21,25,25,PROGENITOR,divideCD=0;divideFlag=1
CANCER,41,21,23,26,PROGENITOR,divideCD=0;divideFlag=1
CANCER,42,21,23,28,PROGENITOR,divideCD=0;divideFlag=1
CANCER,43,24,22,28,PROGENITOR,divideCD=0;divideFlag=1
CANCER,44,23,24,20,PROGENITOR,divideCD=0;divideFlag=1
CANCER,45,23,27,23,PROGENITOR,divideCD=0;divideFlag=1
CANCER,46,22,24,23,PROGENITOR,divideCD=0;divideFlag=1
CANCER,47,18,24,25,PROGENITOR,divideCD=0;divideFlag=1
CANCER,48,22,26,25,PROGENITOR,divideCD=0;divideFlag=1
CANCER,49,22,29,29,PROGENITOR,divideCD=0;divideFlag=1
CANCER,50,22,24,29,PROGENITOR,divideCD=0;divideFlag=1
CANCER,51,21,26,20,PROGENITOR,divideCD=0;divideFlag=1
CANCER,52,20,28,22,PROGENITOR,divideCD=0;divideFlag=1
CANCER,53,20,24,23,PROGENITOR,divideCD=0;divideFlag=1
CANCER,54,20,26,24,PROGENITOR,divideCD=0;divideFlag=1
CANCER,55,21,26,26,PROGENITOR,divideCD=0;divideFlag=1
CANCER,56,24,25,26,PROGENITOR,divideCD=0;divideFlag=1
CANCER,57,20,24,28,PROGENITOR,divideCD=0;divideFlag=1
CANCER,58,22,26,29,PROGENITOR,divideCD=0;divideFlag=1
CANCER,59,21,22,29,PROGENITOR,divideCD=0;divideFlag=1
CANCER,60,20,29,20,PROGENITOR,divideCD=0;divideFlag=1
CANCER,61,21,24,22,PROGENITOR,divideCD=0;divideFlag=1
CANCER,62,22,27,22,PROGENITOR,divideCD=0;divideFlag=1
CANCER,63,18,26,25,PROGENITOR,divideCD=0;divideFlag=1
CANCER,64,21,25,28,PROGENITOR,divideCD=0;divideFlag=1
CANCER,65,22,26,26,PROGENITOR,divideCD=0;divideFlag=1
CANCER,66,20,28,28,PROGENITOR,divideCD=0;divideFlag=1
CANCER,67,24,28,23,PROGENITOR,divideCD=0;divideFlag=1
CANCER,68,19,27,23,PROGENITOR,divideCD=0;divideFlag=1
CANCER,69,22,28,23,PROGENITOR,divideCD=0;divideFlag=1
CANCER,70,20,28,27,PROGENITOR,divideCD=0;divideFlag=1
CANCER,71,21,27,25,PROGENITOR,divideCD=0;divideFlag=1
CANCER,72,22,26,27,PROGENITOR,divideCD=0;divideFlag=1
CANCER,73,20,27,32,PROGENITOR,divideCD=0;divideFlag=1
CANCER,74,21,30,26,PROGENITOR,divideCD=0;divideFlag=1
CANCER,75,22,31,24,PROGENITOR,divideCD=0;divideFlag=1
CANCER,76,21,28,26,PROGENITOR,divideCD=0;divideFlag=1
CANCER,77,20,30,28,PROGENITOR,divideCD=0;divideFlag=1
CANCER,78,17,27,28,PROGENITOR,divideCD=0;divideFlag=1
CANCER,79,21,32,24,PROGENITOR,divideCD=0;divideFlag=1
CANCER,80,24,20,21,PROGENITOR,divideCD=0;divideFlag=1
CANCER,81,23,21,20,PROGENITOR,divideCD=0;divideFlag=1
CANCER,82,24,19,26,PROGENITOR,divideCD=0;divideFlag=1
CANCER,83,20,20,26,PROGENITOR,divideCD=0;divideFlag=1
CANCER,84,22,19,28,PROGENITOR,divideCD=0;divideFlag=1
CANCER,85,22,22,22,PROGENITOR,divideCD=0;divideFlag=1
CANCER,86,22,19,23,PROGENITOR,divideCD=0;divideFlag=1
CANCER,87,22,20,25,PROGENITOR,divideCD=0;divideFlag=1
CANCER,88,22,20,26,PROGENITOR,divideCD=0;divideFlag=1
CANCER,89,23,21,25,PROGENITOR,divideCD=0;divideFlag=1
CANCER,90,22,21,30,PROGENITOR,divideCD=0;divideFlag=1
CANCER,91,22,19,27,PROGENITOR,divideCD=0;divideFlag=1
CANCER,92,22,25,19,PROGENITOR,divideCD=0;divideFlag=1
CANCER,93,24,24,22,PROGENITOR,divideCD=0;divideFlag=1
CANCER,94,23,23,24,PROGENITOR,divideCD=0;divideFlag=1
CANCER,95,18,23,25,PROGENITOR,divideCD=0;divideFlag=1
CANCER,96,21,23,23,PROGENITOR,divideCD=0;divideFlag=1
CANCER,97,23,22,28,PROGENITOR,divideCD=0;divideFlag=1
CANCER,98,23,23,27,PROGENITOR,divideCD=0;divideFlag=1
CANCER,99,22,22,27,PROGENITOR,divideCD=0;divideFlag=1
CANCER,100,22,22,30,PROGENITOR,divideCD=0;divideFlag=1
CANCER,101,23,25,21,PROGENITOR,divideCD=0;divideFlag=1
CANCER,102,24,25,22,PROGENITOR,divideCD=0;divideFlag=1
CANCER,103,22,25,23,PROGENITOR,divideCD=0;divideFlag=1
CANCER,104,23,24,23,PROGENITOR,divideCD=0;divideFlag=1
CANCER,105,24,24,25,PROGENITOR,divideCD=0;divideFlag=1
CANCER,106,23,24,26,PROGENITOR,divideCD=0;divideFlag=1
CANCER,107,22,24,28,PROGENITOR,divideCD=0;divideFlag=1
CANCER,108,23,25,29,PROGENITOR,divideCD=0;divideFlag=1
CANCER,109,23,23,31,PROGENITOR,divideCD=0;divideFlag=1
CANCER,110,21,27,18,PROGENITOR,divideCD=0;divideFlag=1
CANCER,111,23,26,21,PROGENITOR,divideCD=0;divideFlag=1
CANCER,112,22,23,22,PROGENITOR,divideCD=0;divideFlag=1
CANCER,113,24,25,24,PROGENITOR,divideCD=0;divideFlag=1
CANCER,114,23,25,26,PROGENITOR,divideCD=0;divideFlag=1
CANCER,115,23,25,27,PROGENITOR,divideCD=0;divideFlag=1
CANCER,116,22,24,27,PROGENITOR,divideCD=0;divideFlag=1
CANCER,117,21,26,29,PROGENITOR,divideCD=0;divideFlag=1
CANCER,118,23,26,32,PROGENITOR,divideCD=0;divideFlag=1
CANCER,119,20,28,21,PROGENITOR,divideCD=0;divideFlag=1
CANCER,120,23,28,23,PROGENITOR,divideCD=0;divideFlag=1
CANCER,121,24,27,23,PROGENITOR,divideCD=0;divideFlag=1
CANCER,122,23,26,24,PROGENITOR,divideCD=0;divideFlag=1
CANCER,123,24,26,25,PROGENITOR,divideCD=0;divideFlag=1
CANCER,124,21,26,27,PROGENITOR,divideCD=0;divideFlag=1
CANCER,125,22,25,31,PROGENITOR,divideCD=0;divideFlag=1
CANCER,126,21,27,31,PROGENITOR,divideCD=0;divideFlag=1
CANCER,127,23,25,32,PROGENITOR,divideCD=0;divideFlag=1
CANCER,128,23,29,17,PROGENITOR,divideCD=0;divideFlag=1
CANCER,129,22,30,20,PROGENITOR,divideCD=0;divideFlag=1
CANCER,130,24,30,24,PROGENITOR,divideCD=0;divideFlag=1
CANCER,131,23,27,25,PROGENITOR,divideCD=0;divideFlag=1
CANCER,132,23,27,27,PROGENITOR,divideCD=0;divideFlag=1
CANCER,133,23,28,29,PROGENITOR,divideCD=0;divideFlag=1
CANCER,134,23,29,28,PROGENITOR,divideCD=0;divideFlag=1
CANCER,135,21,28,30,PROGENITOR,divideCD=0;divideFlag=1
CANCER,136,22,27,28,PROGENITOR,divideCD=0;divideFlag=1
CANCER,137,23,29,22,PROGENITOR,divideCD=0;divideFlag=1
CANCER,138,22,29,21,PROGENITOR,divideCD=0;divideFlag=1
CANCER,139,20,27,24,PROGENITOR,divideCD=0;divideFlag=1
CANCER,140,23,28,27,PROGENITOR,divideCD=0;divideFlag=1
CANCER,141,24,28,28,PROGENITOR,divideCD=0;divideFlag=1
CANCER,142,24,31,29,PROGENITOR,divideCD=0;divideFlag=1
CANCER,143,21,30,28,PROGENITOR,divideCD=0;divideFlag=1
CANCER,144,21,31,22,PROGENITOR,divideCD=0;divideFlag=1
CANCER,145,23,30,24,PROGENITOR,divideCD=0;divideFlag=1
CANCER,146,25,30,22,PROGENITOR,divideCD=0;divideFlag=1
CANCER,147,23,30,27,PROGENITOR,divideCD=0;divideFlag=1
CANCER,148,22,30,29,PROGENITOR,divideCD=0;divideFlag=1
CANCER,149,23,20,22,PROGENITOR,divideCD=0;divideFlag=1
CANCER,150,25,18,24,PROGENITOR,divideCD=0;divideFlag=1
CANCER,151,23,20,25,PROGENITOR,divideCD=0;divideFlag=1
CANCER,152,25,17,28,PROGENITOR,divideCD=0;divideFlag=1
CANCER,153,23,19,27,PROGENITOR,divideCD=0;divideFlag=1
CANCER,154,24,19,21,PROGENITOR,divideCD=0;divideFlag=1
CANCER,155,22,21,21,PROGENITOR,divideCD=0;divideFlag=1
CANCER,156,24,18,24,PROGENITOR,divideCD=0;divideFlag=1
CANCER,157,23,22,26,PROGENITOR,divideCD=0;divideFlag=1
CANCER,158,24,22,25,PROGENITOR,divideCD=0;divideFlag=1
CANCER,159,24,21,27,PROGENITOR,divideCD=0;divideFlag=1
CANCER,160,24,22,29,PROGENITOR,divideCD=0;divideFlag=1
CANCER,161,24,22,20,PROGENITOR,divideCD=0;divideFlag=1
CANCER,162,23,23,18,PROGENITOR,divideCD=0;divideFlag=1
CANCER,163,24,22,24,PROGENITOR,divideCD=0;divideFlag=1
CANCER,164,25,23,25,PROGENITOR,divideCD=0;divideFlag=1
CANCER,165,24,24,26,PROGENITOR,divideCD=0;divideFlag=1
CANCER,166,24,23,25,PROGENITOR,divideCD=0;divideFlag=1
CANCER,167,26,23,29,PROGENITOR,divideCD=0;divideFlag=1
CANCER,168,26,23,30,PROGENITOR,divideCD=0;divideFlag=1
CANCER,169,24,23,27,PROGENITOR,divideCD=0;divideFlag=1
CANCER,170,24,24,20,PROGENITOR,divideCD=0;divideFlag=1
CANCER,171,25,24,22,PROGENITOR,divideCD=0;divideFlag=1
CANCER,172,26,24,23,PROGENITOR,divideCD=0;divideFlag=1
CANCER,173,25,24,24,PROGENITOR,divideCD=0;divideFlag=1
CANCER,174,24,25,25,STEM,divideCD=3;divideFlag=1
CANCER,175,24,24,28,PROGENITOR,divideCD=0;divideFlag=1
CANCER,176,24,23,29,PROGENITOR,divideCD=0;divideFlag=1
CANCER,177,23,23,29,PROGENITOR,divideCD=0;divideFlag=1
CANCER,178,24,23,31,PROGENITOR,divideCD=0;divideFlag=1
CANCER,179,23,26,18,PROGENITOR,divideCD=0;divideFlag=1
CANCER,180,24,27,21,PROGENITOR,divideCD=0;divideFlag=1
CANCER,181,24,24,23,PROGENITOR,divideCD=0;divideFlag=1
CANCER,182,27,24,25,STEM,divideCD=3;divideFlag=1
CANCER,183,28,25,26,STEM,divideCD=3;divideFlag=1
CANCER,184,22,27,29,STEM,divideCD=3;divideFlag=1
CANCER,185,24,25,29,PROGENITOR,divideCD=0;divideFlag=1
CANCER,186,24,26,29,PROGENITOR,divideCD=0;divideFlag=1
CANCER,187,26,24,30,PROGENITOR,divideCD=0;divideFlag=1
CANCER,188,23,26,19,PROGENITOR,divideCD=0;divideFlag=1
CANCER,189,24,28,20,PROGENITOR,divideCD=0;divideFlag=1
CANCER,190,24,25,21,PROGENITOR,divideCD=0;divideFlag=1
CANCER,191,25,26,24,PROGENITOR,divideCD=0;divideFlag=1
CANCER,192,26,25,24,STEM,divideCD=3;divideFlag=1
CANCER,193,24,25,27,PROGENITOR,divideCD=0;divideFlag=1
CANCER,194,25,26,27,PROGENITOR,divideCD=0;divideFlag=1
CANCER,195,22,24,30,PROGENITOR,divideCD=0;divideFlag=1
CANCER,196,25,28,32,PROGENITOR,divideCD=0;divideFlag=1
CANCER,197,23,29,20,PROGENITOR,divideCD=0;divideFlag=1
CANCER,198,25,27,20,PROGENITOR,divideCD=0;divideFlag=1
CANCER,199,24,30,23,PROGENITOR,divideCD=0;divideFlag=1
CANCER,200,25,27,25,PROGENITOR,divideCD=0;divideFlag=1
CANCER,201,24,27,25,PROGENITOR,divideCD=0;divideFlag=1
CANCER,202,24,28,26,PROGENITOR,divideCD=0;divideFlag=1
CANCER,203,26,28,28,PROGENITOR,divideCD=0;divideFlag=1
CANCER,204,24,27,28,PROGENITOR,divideCD=0;divideFlag=1
CANCER,205,23,28,31,PROGENITOR,divideCD=0;divideFlag=1
CANCER,206,24,27,19,PROGENITOR,divideCD=0;divideFlag=1
CANCER,207,23,28,22,PROGENITOR,divideCD=0;divideFlag=1
CANCER,208,23,29,25,PROGENITOR,divideCD=0;divideFlag=1
CANCER,209,25,28,24,PROGENITOR,divideCD=0;divideFlag=1
CANCER,210,25,29,29,PROGENITOR,divideCD=0;divideFlag=1
CANCER,211,24,32,25,PROGENITOR,divideCD=0;divideFlag=1
CANCER,212,23,29,32,PROGENITOR,divideCD=0;divideFlag=1
CANCER,213,24,31,24,PROGENITOR,divideCD=0;divideFlag=1
CANCER,214,22,31,22,PROGENITOR,divideCD=0;divideFlag=1
CANCER,215,24,31,22,PROGENITOR,divideCD=0;divideFlag=1
CANCER,216,24,29,30,PROGENITOR,divideCD=0;divideFlag=1
CANCER,217,26,29,28,PROGENITOR,divideCD=0;divideFlag=1
CANCER,218,26,21,25,PROGENITOR,divideCD=0;divideFlag=1
CANCER,219,26,21,19,PROGENITOR,divideCD=0;divideFlag=1
CANCER,220,25,20,22,PROGENITOR,divideCD=0;divideFlag=1
CANCER,221,25,20,25,PROGENITOR,divideCD=0;divideFlag=1
CANCER,222,26,20,26,PROGENITOR,divideCD=0;divideFlag=1
CANCER,223,25,22,28,PROGENITOR,divideCD=0;divideFlag=1
CANCER,224,24,19,27,PROGENITOR,divideCD=0;divideFlag=1
CANCER,225,28,17,29,PROGENITOR,divideCD=0;divideFlag=1
CANCER,226,23,22,19,PROGENITOR,divideCD=0;divideFlag=1
CANCER,227,24,23,20,PROGENITOR,divideCD=0;divideFlag=1
CANCER,228,26,22,23,PROGENITOR,divideCD=0;divideFlag=1
CANCER,229,26,21,21,PROGENITOR,divideCD=0;divideFlag=1
CANCER,230,26,22,25,PROGENITOR,divideCD=0;divideFlag=1
CANCER,231,24,21,23,PROGENITOR,divideCD=0;divideFlag=1
CANCER,232,25,20,30,PROGENITOR,divideCD=0;divideFlag=1
CANCER,233,27,23,28,PROGENITOR,divideCD=0;divideFlag=1
CANCER,234,27,20,29,PROGENITOR,divideCD=0;divideFlag=1
CANCER,235,25,22,18,PROGENITOR,divideCD=0;divideFlag=1
CANCER,236,25,23,21,PROGENITOR,divideCD=0;divideFlag=1
CANCER,237,25,23,23,PROGENITOR,divideCD=0;divideFlag=1
CANCER,238,29,24,24,PROGENITOR,divideCD=0;divideFlag=1
CANCER,239,23,22,25,PROGENITOR,divideCD=0;divideFlag=1
CANCER,240,26,23,26,PROGENITOR,divideCD=0;divideFlag=1
CANCER,241,26,25,28,PROGENITOR,divideCD=0;divideFlag=1
CANCER,242,24,23,28,PROGENITOR,divideCD=0;divideFlag=1
CANCER,243,24,21,32,PROGENITOR,divideCD=0;divideFlag=1
CANCER,244,25,23,17,PROGENITOR,divideCD=0;divideFlag=1
CANCER,245,23,24,22,PROGENITOR,divideCD=0;divideFlag=1
CANCER,246,27,24,22,PROGENITOR,divideCD=0;divideFlag=1
CANCER,247,26,26,22,STEM,divideCD=3;divideFlag=1
CANCER,248,28,24,24,STEM,divideCD=3;divideFlag=1
CANCER,249,24,27,30,STEM,divideCD=3;divideFlag=1
CANCER,250,25,25,29,PROGENITOR,divideCD=0;divideFlag=1
CANCER,251,27,22,30,PROGENITOR,divideCD=0;divideFlag=1
CANCER,252,25,23,32,PROGENITOR,divideCD=0;divideFlag=1
CANCER,253,26,25,19,PROGENITOR,divideCD=0;divideFlag=1
CANCER,254,25,23,19,PROGENITOR,divideCD=0;divideFlag=1
CANCER,255,25,26,20,PROGENITOR,divideCD=0;divideFlag=1
CANCER,256,25,25,23,PROGENITOR,divideCD=0;divideFlag=1
CANCER,257,26,27,25,STEM,divideCD=3;divideFlag=1
CANCER,258,23,29,26,STEM,divideCD=3;divideFlag=1
CANCER,259,26,22,30,STEM,divideCD=3;divideFlag=1
CANCER,260,26,26,28,PROGENITOR,divideCD=0;divideFlag=1
CANCER,261,26,25,27,PROGENITOR,divideCD=0;divideFlag=1
CANCER,262,23,25,28,PROGENITOR,divideCD=0;divideFlag=1
CANCER,263,26,26,32,PROGENITOR,divideCD=0;divideFlag=1
CANCER,264,25,27,21,PROGENITOR,divideCD=0;divideFlag=1
CANCER,265,24,26,22,PROGENITOR,divideCD=0;divideFlag=1
CANCER,266,25,27,23,PROGENITOR,divideCD=0;divideFlag=1
CANCER,267,26,24,24,STEM,divideCD=3;divideFlag=1
CANCER,268,25,27,27,STEM,divideCD=3;divideFlag=1
CANCER,269,26,29,30,STEM,divideCD=3;divideFlag=1
CANCER,270,27,26,27,PROGENITOR,divideCD=0;divideFlag=1
CANCER,271,25,27,30,PROGENITOR,divideCD=0;divideFlag=1
CANCER,272,26,26,29,PROGENITOR,divideCD=0;divideFlag=1
CANCER,273,25,26,19,PROGENITOR,divideCD=0;divideFlag=1
CANCER,274,26,28,18,PROGENITOR,divideCD=0;divideFlag=1
CANCER,275,25,28,23,PROGENITOR,divideCD=0;divideFlag=1
CANCER,276,28,28,24,PROGENITOR,divideCD=0;divideFlag=1
CANCER,277,26,28,26,PROGENITOR,divideCD=0;divideFlag=1
CANCER,278,24,29,26,PROGENITOR,divideCD=0;divideFlag=1
CANCER,279,27,28,28,PROGENITOR,divideCD=0;divideFlag=1
CANCER,280,25,31,29,PROGENITOR,divideCD=0;divideFlag=1
CANCER,281,25,26,31,PROGENITOR,divideCD=0;divideFlag=1
CANCER,282,29,29,18,PROGENITOR,divideCD=0;divideFlag=1
CANCER,283,26,27,22,PROGENITOR,divideCD=0;divideFlag=1
CANCER,284,27,29,21,PROGENITOR,divideCD=0;divideFlag=1
CANCER,285,25,32,24,PROGENITOR,divideCD=0;divideFlag=1
CANCER,286,26,29,25,PROGENITOR,divideCD=0;divideFlag=1
CANCER,287,25,30,26,PROGENITOR,divideCD=0;divideFlag=1
CANCER,288,25,28,27,PROGENITOR,divideCD=0;divideFlag=1
CANCER,289,26,31,30,PROGENITOR,divideCD=0;divideFlag=1
CANCER,290,24,27,29,PROGENITOR,divideCD=0;divideFlag=1
CANCER,291,23,29,18,PROGENITOR,divideCD=0;divideFlag=1
CANCER,292,27,31,23,PROGENITOR,divideCD=0;divideFlag=1
CANCER,293,23,28,24,PROGENITOR,divideCD=0;divideFlag=1
CANCER,294,24,29,25,PROGENITOR,divideCD=0;divideFlag=1
CANCER,295,27,30,27,PROGENITOR,divideCD=0;divideFlag=1
CANCER,296,25,30,27,PROGENITOR,divideCD=0;divideFlag=1
CANCER,297,26,32,27,PROGENITOR,divideCD=0;divideFlag=1
CANCER,298,26,31,25,PROGENITOR,divideCD=0;divideFlag=1
CANCER,299,28,21,22,PROGENITOR,divideCD=0;divideFlag=1
CANCER,300,27,20,25,PROGENITOR,divideCD=0;divideFlag=1
CANCER,301,25,19,27,PROGENITOR,divideCD=0;divideFlag=1
CANCER,302,25,21,24,PROGENITOR,divideCD=0;divideFlag=1
CANCER,303,30,20,26,PROGENITOR,divideCD=0;divideFlag=1
CANCER,304,25,23,20,PROGENITOR,divideCD=0;divideFlag=1
CANCER,305,25,21,21,PROGENITOR,divideCD=0;divideFlag=1
CANCER,306,30,22,24,PROGENITOR,divideCD=0;divideFlag=1
CANCER,307,26,22,27,PROGENITOR,divideCD=0;divideFlag=1
CANCER,308,25,23,26,PROGENITOR,divideCD=0;divideFlag=1
CANCER,309,26,22,28,PROGENITOR,divideCD=0;divideFlag=1
CANCER,310,26,21,28,PROGENITOR,divideCD=0;divideFlag=1
CANCER,311,26,25,20,PROGENITOR,divideCD=0;divideFlag=1
CANCER,312,27,22,20,PROGENITOR,divideCD=0;divideFlag=1
CANCER,313,24,23,23,PROGENITOR,divideCD=0;divideFlag=1
CANCER,314,26,23,25,PROGENITOR,divideCD=0;divideFlag=1
CANCER,315,27,23,25,PROGENITOR,divideCD=0;divideFlag=1
CANCER,316,29,23,26,PROGENITOR,divideCD=0;divideFlag=1
CANCER,317,26,23,27,PROGENITOR,divideCD=0;divideFlag=1
CANCER,318,27,22,28,PROGENITOR,divideCD=0;divideFlag=1
CANCER,319,25,22,29,PROGENITOR,divideCD=0;divideFlag=1
CANCER,320,28,22,18,PROGENITOR,divideCD=0;divideFlag=1
CANCER,321,27,24,21,PROGENITOR,divideCD=0;divideFlag=1
CANCER,322,31,24,22,PROGENITOR,divideCD=0;divideFlag=1
CANCER,323,28,23,24,PROGENITOR,divideCD=0;divideFlag=1
CANCER,324,26,26,26,STEM,divideCD=3;divideFlag=1
CANCER,325,25,24,25,PROGENITOR,divideCD=0;divideFlag=1
CANCER,326,25,24,27,PROGENITOR,divideCD=0;divideFlag=1
CANCER,327,27,24,29,PROGENITOR,divideCD=0;divideFlag=1
CANCER,328,27,27,32,PROGENITOR,divideCD=0;divideFlag=1
CANCER,329,27,25,18,PROGENITOR,divideCD=0;divideFlag=1
CANCER,330,27,24,17,PROGENITOR,divideCD=0;divideFlag=1
CANCER,331,27,25,21,PROGENITOR,divideCD=0;divideFlag=1
CANCER,332,27,21,24,STEM,divideCD=3;divideFlag=1
CANCER,333,28,29,22,STEM,divideCD=3;divideFlag=1
CANCER,334,24,24,27,STEM,divideCD=3;divideFlag=1
CANCER,335,27,25,28,PROGENITOR,divideCD=0;divideFlag=1
CANCER,336,26,25,31,PROGENITOR,divideCD=0;divideFlag=1
CANCER,337,24,28,31,PROGENITOR,divideCD=0;divideFlag=1
CANCER,338,26,28,20,PROGENITOR,divideCD=0;divideFlag=1
CANCER,339,28,26,22,PROGENITOR,divideCD=0;divideFlag=1
CANCER,340,27,24,23,PROGENITOR,divideCD=0;divideFlag=1
CANCER,341,25,26,25,PROGENITOR,divideCD=0;divideFlag=1
CANCER,342,26,29,18,STEM,divideCD=3;divideFlag=1
CANCER,343,27,27,27,PROGENITOR,divideCD=0;divideFlag=1
CANCER,344,28,27,27,PROGENITOR,divideCD=0;divideFlag=1
CANCER,345,27,27,29,PROGENITOR,divideCD=0;divideFlag=1
CANCER,346,26,28,31,PROGENITOR,divideCD=0;divideFlag=1
CANCER,347,29,27,19,PROGENITOR,divideCD=0;divideFlag=1
CANCER,348,28,29,21,PROGENITOR,divideCD=0;divideFlag=1
CANCER,349,26,27,23,PROGENITOR,divideCD=0;divideFlag=1
CANCER,350,27,26,24,PROGENITOR,divideCD=0;divideFlag=1
CANCER,351,27,27,25,PROGENITOR,divideCD=0;divideFlag=1
CANCER,352,25,28,26,PROGENITOR,divideCD=0;divideFlag=1
CANCER,353,28,24,28,PROGENITOR,divideCD=0;divideFlag=1
CANCER,354,28,29,31,PROGENITOR,divideCD=0;divideFlag=1
CANCER,355,24,29,31,PROGENITOR,divideCD=0;divideFlag=1
CANCER,356,25,29,21,PROGENITOR,divideCD=0;divideFlag=1
CANCER,357,26,29,23,PROGENITOR,divideCD=0;divideFlag=1
CANCER,358,26,29,24,PROGENITOR,divideCD=0;divideFlag=1
CANCER,359,27,29,24,PROGENITOR,divideCD=0;divideFlag=1
CANCER,360,26,30,26,PROGENITOR,divideCD=0;divideFlag=1
CANCER,361,26,28,27,PROGENITOR,divideCD=0;divideFlag=1
CANCER,362,25,27,29,PROGENITOR,divideCD=0;divideFlag=1
CANCER,363,26,32,22,PROGENITOR,divideCD=0;divideFlag=1
CANCER,364,27,31,24,PROGENITOR,divideCD=0;divideFlag=1
CANCER,365,26,30,25,PROGENITOR,divideCD=0;divideFlag=1
CANCER,366,26,33,28,PROGENITOR,divideCD=0;divideFlag=1
CANCER,367,28,31,26,PROGENITOR,divideCD=0;divideFlag=1
CANCER,368,27,20,24,PROGENITOR,divideCD=0;divideFlag=1
CANCER,369,28,22,24,PROGENITOR,divideCD=0;divideFlag=1
CANCER,370,27,22,23,PROGENITOR,divideCD=0;divideFlag=1
CANCER,371,26,20,27,PROGENITOR,divideCD=0;divideFlag=1
CANCER,372,27,21,27,PROGENITOR,divideCD=0;divideFlag=1
CANCER,373,28,22,20,PROGENITOR,divideCD=0;divideFlag=1
CANCER,374,27,22,22,PROGENITOR,divideCD=0;divideFlag=1
CANCER,375,30,22,25,PROGENITOR,divideCD=0;divideFlag=1
CANCER,376,29,22,24,PROGENITOR,divideCD=0;divideFlag=1
CANCER,377,27,22,27,PROGENITOR,divideCD=0;divideFlag=1
CANCER,378,29,22,29,PROGENITOR,divideCD=0;divideFlag=1
CANCER,379,28,22,30,PROGENITOR,divideCD=0;divideFlag=1
CANCER,380,29,21,21,PROGENITOR,divideCD=0;divideFlag=1
CANCER,381,30,23,21,PROGENITOR,divideCD=0;divideFlag=1
CANCER,382,26,23,23,PROGENITOR,divideCD=0;divideFlag=1
CANCER,383,28,24,23,PROGENITOR,divideCD=0;divideFlag=1
CANCER,384,27,22,24,PROGENITOR,divideCD=0;divideFlag=1
CANCER,385,30,22,26,PROGENITOR,divideCD=0;divideFlag=1
CANCER,386,27,23,27,PROGENITOR,divideCD=0;divideFlag=1
CANCER,387,26,21,31,PROGENITOR,divideCD=0;divideFlag=1
CANCER,388,25,25,30,PROGENITOR,divideCD=0;divideFlag=1
CANCER,389,27,25,19,PROGENITOR,divideCD=0;divideFlag=1
CANCER,390,29,24,20,PROGENITOR,divideCD=0;divideFlag=1
CANCER,391,28,21,21,PROGENITOR,divideCD=0;divideFlag=1
CANCER,392,29,23,24,PROGENITOR,divideCD=0;divideFlag=1
CANCER,393,27,25,26,PROGENITOR,divideCD=0;divideFlag=1
CANCER,394,28,24,27,PROGENITOR,divideCD=0;divideFlag=1
CANCER,395,27,24,28,PROGENITOR,divideCD=0;divideFlag=1
CANCER,396,29,24,28,PROGENITOR,divideCD=0;divideFlag=1
CANCER,397,29,24,30,PROGENITOR,divideCD=0;divideFlag=1
CANCER,398,27,27,19,PROGENITOR,divideCD=0;divideFlag=1
CANCER,399,26,25,21,PROGENITOR,divideCD=0;divideFlag=1
CANCER,400,32,24,23,PROGENITOR,divideCD=0;divideFlag=1
CANCER,401,28,26,24,PROGENITOR,divideCD=0;divideFlag=1
CANCER,402,28,26,25,PROGENITOR,divideCD=0;divideFlag=1
CANCER,403,26,25,25,PROGENITOR,divideCD=0;divideFlag=1
CANCER,404,27,25,29,PROGENITOR,divideCD=0;divideFlag=1
CANCER,405,27,26,30,PROGENITOR,divideCD=0;divideFlag=1
CANCER,406,28,25,32,PROGENITOR,divideCD=0;divideFlag=1
CANCER,407,28,25,21,PROGENITOR,divideCD=0;divideFlag=1
CANCER,408,28,26,21,PROGENITOR,divideCD=0;divideFlag=1
CANCER,409,27,27,23,PROGENITOR,divideCD=0;divideFlag=1
CANCER,410,28,28,23,PROGENITOR,divideCD=0;divideFlag=1
CANCER,411,28,28,26,PROGENITOR,divideCD=0;divideFlag=1
CANCER,412,27,28,26,PROGENITOR,divideCD=0;divideFlag=1
CANCER,413,27,26,28,PROGENITOR,divideCD=0;divideFlag=1
CANCER,414,28,26,29,PROGENITOR,divideCD=0;divideFlag=1
CANCER,415,28,23,29,PROGENITOR,divideCD=0;divideFlag=1
CANCER,416,28,27,20,PROGENITOR,divideCD=0;divideFlag=1
CANCER,417,27,30,18,PROGENITOR,divideCD=0;divideFlag=1
CANCER,418,27,28,23,PROGENITOR,divideCD=0;divideFlag=1
CANCER,419,30,28,23,PROGENITOR,divideCD=0;divideFlag=1
CANCER,420,30,26,25,PROGENITOR,divideCD=0;divideFlag=1
CANCER,421,29,29,27,PROGENITOR,divideCD=0;divideFlag=1
CANCER,422,27,29,29,PROGENITOR,divideCD=0;divideFlag=1
CANCER,423,28,26,27,PROGENITOR,divideCD=0;divideFlag=1
CANCER,424,30,26,31,PROGENITOR,divideCD=0;divideFlag=1
CANCER,425,26,27,21,PROGENITOR,divideCD=0;divideFlag=1
CANCER,426,28,30,23,PROGENITOR,divideCD=0;divideFlag=1
CANCER,427,29,31,24,PROGENITOR,divideCD=0;divideFlag=1
CANCER,428,28,27,24,PROGENITOR,divideCD=0;divideFlag=1
CANCER,429,27,29,26,PROGENITOR,divideCD=0;divideFlag=1
CANCER,430,28,29,26,PROGENITOR,divideCD=0;divideFlag=1
CANCER,431,27,31,30,PROGENITOR,divideCD=0;divideFlag=1
CANCER,432,29,30,24,PROGENITOR,divideCD=0;divideFlag=1
CANCER,433,26,31,23,PROGENITOR,divideCD=0;divideFlag=1
CANCER,434,27,33,25,PROGENITOR,divideCD=0;divideFlag=1
CANCER,435,30,31,25,PROGENITOR,divideCD=0;divideFlag=1
CANCER,436,28,29,30,PROGENITOR,divideCD=0;divideFlag=1
CANCER,437,31,21,24,PROGENITOR,divideCD=0;divideFlag=1
CANCER,438,29,19,23,PROGENITOR,divideCD=0;divideFlag=1
CANCER,439,29,22,21,PROGENITOR,divideCD=0;divideFlag=1
CANCER,440,29,25,25,PROGENITOR,divideCD=0;divideFlag=1
CANCER,441,32,23,25,PROGENITOR,divideCD=0;divideFlag=1
CANCER,442,30,19,28,PROGENITOR,divideCD=0;divideFlag=1
CANCER,443,29,27,21,PROGENITOR,divideCD=0;divideFlag=1
CANCER,444,29,21,22,PROGENITOR,divideCD=0;divideFlag=1
CANCER,445,29,24,26,PROGENITOR,divideCD=0;divideFlag=1
CANCER,446,28,21,26,PROGENITOR,divideCD=0;divideFlag=1
CANCER,447,29,25,26,PROGENITOR,divideCD=0;divideFlag=1
CANCER,448,31,22,28,PROGENITOR,divideCD=0;divideFlag=1
CANCER,449,30,23,27,PROGENITOR,divideCD=0;divideFlag=1
CANCER,450,30,25,20,PROGENITOR,divideCD=0;divideFlag=1
CANCER,451,29,23,21,PROGENITOR,divideCD=0;divideFlag=1
CANCER,452,32,22,24,PROGENITOR,divideCD=0;divideFlag=1
CANCER,453,28,23,25,PROGENITOR,divideCD=0;divideFlag=1
CANCER,454,29,24,27,PROGENITOR,divideCD=0;divideFlag=1
CANCER,455,28,24,29,PROGENITOR,divideCD=0;divideFlag=1
CANCER,456,28,23,28,PROGENITOR,divideCD=0;divideFlag=1
CANCER,457,30,24,17,PROGENITOR,divideCD=0;divideFlag=1
CANCER,458,28,26,23,PROGENITOR,divideCD=0;divideFlag=1
CANCER,459,29,25,20,PROGENITOR,divideCD=0;divideFlag=1
CANCER,460,27,25,24,PROGENITOR,divideCD=0;divideFlag=1
CANCER,461,29,25,23,PROGENITOR,divideCD=0;divideFlag=1
CANCER,462,32,25,27,PROGENITOR,divideCD=0;divideFlag=1
CANCER,463,29,27,28,PROGENITOR,divideCD=0;divideFlag=1
CANCER,464,27,26,29,PROGENITOR,divideCD=0;divideFlag=1
CANCER,465,28,25,29,PROGENITOR,divideCD=0;divideFlag=1
CANCER,466,26,27,20,PROGENITOR,divideCD=0;divideFlag=1
CANCER,467,30,28,22,PROGENITOR,divideCD=0;divideFlag=1
CANCER,468,30,26,23,PROGENITOR,divideCD=0;divideFlag=1
CANCER,469,29,26,28,PROGENITOR,divideCD=0;divideFlag=1
CANCER,470,30,25,27,PROGENITOR,divideCD=0;divideFlag=1
CANCER,471,30,27,26,PROGENITOR,divideCD=0;divideFlag=1
CANCER,472,28,29,29,PROGENITOR,divideCD=0;divideFlag=1
CANCER,473,29,28,22,PROGENITOR,divideCD=0;divideFlag=1
CANCER,474,29,27,24,PROGENITOR,divideCD=0;divideFlag=1
CANCER,475,29,28,25,PROGENITOR,divideCD=0;divideFlag=1
CANCER,476,30,28,27,PROGENITOR,divideCD=0;divideFlag=1
CANCER,477,28,26,26,PROGENITOR,divideCD=0;divideFlag=1
CANCER,478,30,28,29,PROGENITOR,divideCD=0;divideFlag=1
CANCER,479,30,29,27,PROGENITOR,divideCD=0;divideFlag=1
CANCER,480,29,28,20,PROGENITOR,divideCD=0;divideFlag=1
CANCER,481,28,29,24,PROGENITOR,divideCD=0;divideFlag=1
CANCER,482,29,30,26,PROGENITOR,divideCD=0;divideFlag=1
CANCER,483,28,29,25,PROGENITOR,divideCD=0;divideFlag=1
CANCER,484,28,27,29,PROGENITOR,divideCD=0;divideFlag=1
CANCER,485,29,32,27,PROGENITOR,divideCD=0;divideFlag=1
CANCER,486,32,21,24,PROGENITOR,divideCD=0;divideFlag=1
CANCER,487,28,23,22,PROGENITOR,divideCD=0;divideFlag=1
CANCER,488,31,23,23,PROGENITOR,divideCD=0;divideFlag=1
CANCER,489,31,25,26,PROGENITOR,divideCD=0;divideFlag=1
CANCER,490,29,23,27,PROGENITOR,divideCD=0;divideFlag=1
CANCER,491,32,22,27,PROGENITOR,divideCD=0;divideFlag=1
CANCER,492,31,23,20,PROGENITOR,divideCD=0;divideFlag=1
CANCER,493,33,26,24,PROGENITOR,divideCD=0;divideFlag=1
CANCER,494,31,23,25,PROGENITOR,divideCD=0;divideFlag=1
CANCER,495,30,25,26,PROGENITOR,divideCD=0;divideFlag=1
CANCER,496,32,23,29,PROGENITOR,divideCD=0;divideFlag=1
CANCER,497,30,26,22,PROGENITOR,divideCD=0;divideFlag=1
CANCER,498,32,24,24,PROGENITOR,divideCD=0;divideFlag=1
CANCER,499,30,25,24,PROGENITOR,divideCD=0;divideFlag=1
CANCER,500,29,24,25,PROGENITOR,divideCD=0;divideFlag=1
CANCER,501,30,24,25,PROGENITOR,divideCD=0;divideFlag=1
CANCER,502,30,25,29,PROGENITOR,divideCD=0;divideFlag=1
CANCER,503,31,24,28,PROGENITOR,divideCD=0;divideFlag=1
CANCER,504,31,26,21,PROGENITOR,divideCD=0;divideFlag=1
CANCER,505,30,28,24,PROGENITOR,divideCD=0;divideFlag=1
CANCER,506,32,26,28,PROGENITOR,divideCD=0;divideFlag=1
CANCER,507,32,28,26,PROGENITOR,divideCD=0;divideFlag=1
CANCER,508,31,26,29,PROGENITOR,divideCD=0;divideFlag=1
CANCER,509,31,30,23,PROGENITOR,divideCD=0;divideFlag=1
CANCER,510,30,26,24,PROGENITOR,divideCD=0;divideFlag=1
CANCER,511,31,26,25,PROGENITOR,divideCD=0;divideFlag=1
CANCER,512,29,30,28,PROGENITOR,divideCD=0;divideFlag=1
CANCER,513,32,27,28,PROGENITOR,divideCD=0;divideFlag=1
CANCER,514,29,31,22,PROGENITOR,divideCD=0;divideFlag=1
CANCER,515,32,26,26,PROGENITOR,divideCD=0;divideFlag=1
CANCER,653,20,27,25,PROGENITOR,divideCD=4;divideFlag=1
CANCER,780,21,21,24,PROGENITOR,divideCD=4;divideFlag=1
CANCER,553,18,22,20,PROGENITOR,divideCD=4;divideFlag=1
CANCER,895,21,24,26,PROGENITOR,divideCD=4;divideFlag=1
CANCER,608,20,21,24,PROGENITOR,divideCD=4;divideFlag=1
CANCER,560,20,23,29,PROGENITOR,divideCD=4;divideFlag=1
CANCER,862,21,24,24,PROGENITOR,divideCD=4;divideFlag=1
CANCER,609,20,23,23,PROGENITOR,divideCD=4;divideFlag=1
CANCER,587,19,23,23,PROGENITOR,divideCD=4;divideFlag=1
CANCER,723,18,23,26,PROGENITOR,divideCD=4;divideFlag=1
CANCER,561,19,23,29,PROGENITOR,divideCD=4;divideFlag=1
CANCER,794,21,26,21,PROGENITOR,divideCD=4;divideFlag=1
CANCER,885,21,26,24,PROGENITOR,divideCD=4;divideFlag=1
CANCER,572,19,29,25,PROGENITOR,divideCD=4;divideFlag=1
CANCER,886,22,26,24,PROGENITOR,divideCD=4;divideFlag=1
CANCER,750,19,26,27,PROGENITOR,divideCD=4;divideFlag=1
CANCER,823,20,23,28,PROGENITOR,divideCD=4;divideFlag=1
CANCER,636,20,27,26,PROGENITOR,divideCD=4;divideFlag=1
CANCER,724,20,24,25,PROGENITOR,divideCD=4;divideFlag=1
CANCER,708,19,24,25,PROGENITOR,divideCD=4;divideFlag=1
CANCER,519,18,28,29,PROGENITOR,divideCD=4;divideFlag=1
CANCER,751,20,26,26,PROGENITOR,divideCD=4;divideFlag=1
CANCER,672,19,28,23,PROGENITOR,divideCD=4;divideFlag=1
CANCER,839,22,29,23,PROGENITOR,divideCD=4;divideFlag=1
CANCER,573,18,26,26,PROGENITOR,divideCD=4;divideFlag=1
CANCER,752,20,25,26,PROGENITOR,divideCD=4;divideFlag=1
CANCER,875,23,29,27,PROGENITOR,divideCD=4;divideFlag=1
CANCER,840,22,28,25,PROGENITOR,divideCD=4;divideFlag=1
CANCER,637,22,19,24,PROGENITOR,divideCD=4;divideFlag=1
CANCER,687,21,21,21,PROGENITOR,divideCD=4;divideFlag=1
CANCER,726,23,19,23,PROGENITOR,divideCD=4;divideFlag=1
CANCER,625,20,23,24,PROGENITOR,divideCD=4;divideFlag=1
CANCER,639,21,19,26,PROGENITOR,divideCD=4;divideFlag=1
CANCER,548,20,21,27,PROGENITOR,divideCD=4;divideFlag=1
CANCER,793,22,23,19,PROGENITOR,divideCD=4;divideFlag=1
CANCER,589,19,21,23,PROGENITOR,divideCD=4;divideFlag=1
CANCER,781,22,21,25,PROGENITOR,divideCD=4;divideFlag=1
CANCER,910,23,25,25,PROGENITOR,divideCD=4;divideFlag=1
CANCER,881,22,22,25,PROGENITOR,divideCD=4;divideFlag=1
CANCER,727,21,22,26,PROGENITOR,divideCD=4;divideFlag=1
CANCER,695,23,20,29,PROGENITOR,divideCD=4;divideFlag=1
CANCER,696,23,25,18,PROGENITOR,divideCD=4;divideFlag=1
CANCER,856,23,26,22,PROGENITOR,divideCD=4;divideFlag=1
CANCER,882,22,24,25,PROGENITOR,divideCD=4;divideFlag=1
CANCER,538,18,23,23,PROGENITOR,divideCD=4;divideFlag=1
CANCER,764,22,27,30,PROGENITOR,divideCD=4;divideFlag=1
CANCER,824,22,23,28,PROGENITOR,divideCD=4;divideFlag=1
CANCER,563,20,25,21,PROGENITOR,divideCD=4;divideFlag=1
CANCER,556,20,26,22,PROGENITOR,divideCD=4;divideFlag=1
CANCER,713,19,24,23,PROGENITOR,divideCD=4;divideFlag=1
CANCER,697,19,24,24,PROGENITOR,divideCD=4;divideFlag=1
CANCER,911,23,26,26,PROGENITOR,divideCD=4;divideFlag=1
CANCER,652,19,23,27,PROGENITOR,divideCD=4;divideFlag=1
CANCER,668,21,25,31,PROGENITOR,divideCD=4;divideFlag=1
CANCER,577,22,22,31,PROGENITOR,divideCD=4;divideFlag=1
CANCER,607,21,28,22,PROGENITOR,divideCD=4;divideFlag=1
CANCER,564,19,26,23,PROGENITOR,divideCD=4;divideFlag=1
CANCER,841,22,27,23,PROGENITOR,divideCD=4;divideFlag=1
CANCER,714,19,25,24,PROGENITOR,divideCD=4;divideFlag=1
CANCER,684,19,25,28,PROGENITOR,divideCD=4;divideFlag=1
CANCER,800,21,27,28,PROGENITOR,divideCD=4;divideFlag=1
CANCER,520,18,28,30,PROGENITOR,divideCD=4;divideFlag=1
CANCER,815,23,32,23,PROGENITOR,divideCD=4;divideFlag=1
CANCER,710,19,26,22,PROGENITOR,divideCD=4;divideFlag=1
CANCER,908,23,27,24,PROGENITOR,divideCD=4;divideFlag=1
CANCER,665,19,28,25,PROGENITOR,divideCD=4;divideFlag=1
CANCER,837,22,27,24,PROGENITOR,divideCD=4;divideFlag=1
CANCER,848,22,25,28,PROGENITOR,divideCD=4;divideFlag=1
CANCER,598,20,25,31,PROGENITOR,divideCD=4;divideFlag=1
CANCER,599,21,31,25,PROGENITOR,divideCD=4;divideFlag=1
CANCER,705,21,28,24,PROGENITOR,divideCD=4;divideFlag=1
CANCER,838,21,27,26,PROGENITOR,divideCD=4;divideFlag=1
CANCER,576,20,32,27,PROGENITOR,divideCD=4;divideFlag=1
CANCER,537,20,31,23,PROGENITOR,divideCD=4;divideFlag=1
CANCER,766,24,21,21,PROGENITOR,divideCD=4;divideFlag=1
CANCER,614,23,20,21,PROGENITOR,divideCD=4;divideFlag=1
CANCER,688,23,20,26,PROGENITOR,divideCD=4;divideFlag=1
CANCER,545,24,18,28,PROGENITOR,divideCD=4;divideFlag=1
CANCER,779,22,21,23,PROGENITOR,divideCD=4;divideFlag=1
CANCER,650,23,21,23,PROGENITOR,divideCD=4;divideFlag=1
CANCER,849,23,22,23,PROGENITOR,divideCD=4;divideFlag=1
CANCER,874,23,21,26,PROGENITOR,divideCD=4;divideFlag=1
CANCER,914,23,23,26,PROGENITOR,divideCD=4;divideFlag=1
CANCER,728,21,20,29,PROGENITOR,divideCD=4;divideFlag=1
CANCER,562,21,26,18,PROGENITOR,divideCD=4;divideFlag=1
CANCER,859,22,25,20,PROGENITOR,divideCD=4;divideFlag=1
CANCER,850,23,21,24,PROGENITOR,divideCD=4;divideFlag=1
CANCER,892,22,23,25,PROGENITOR,divideCD=4;divideFlag=1
CANCER,770,23,22,27,PROGENITOR,divideCD=4;divideFlag=1
CANCER,771,22,23,27,PROGENITOR,divideCD=4;divideFlag=1
CANCER,655,23,21,30,PROGENITOR,divideCD=4;divideFlag=1
CANCER,656,23,22,20,PROGENITOR,divideCD=4;divideFlag=1
CANCER,853,25,25,22,PROGENITOR,divideCD=4;divideFlag=1
CANCER,897,23,25,23,PROGENITOR,divideCD=4;divideFlag=1
CANCER,898,23,24,24,PROGENITOR,divideCD=4;divideFlag=1
CANCER,870,24,24,24,PROGENITOR,divideCD=4;divideFlag=1
CANCER,836,22,24,26,PROGENITOR,divideCD=4;divideFlag=1
CANCER,883,23,24,28,PROGENITOR,divideCD=4;divideFlag=1
CANCER,555,22,23,31,PROGENITOR,divideCD=4;divideFlag=1
CANCER,610,22,26,19,PROGENITOR,divideCD=4;divideFlag=1
CANCER,811,24,26,21,PROGENITOR,divideCD=4;divideFlag=1
CANCER,717,22,25,21,PROGENITOR,divideCD=4;divideFlag=1
CANCER,899,23,26,23,PROGENITOR,divideCD=4;divideFlag=1
CANCER,884,23,26,27,PROGENITOR,divideCD=4;divideFlag=1
CANCER,804,22,26,28,PROGENITOR,divideCD=4;divideFlag=1
CANCER,748,24,26,31,PROGENITOR,divideCD=4;divideFlag=1
CANCER,578,20,26,21,PROGENITOR,divideCD=4;divideFlag=1
CANCER,894,24,28,22,PROGENITOR,divideCD=4;divideFlag=1
CANCER,783,24,27,22,PROGENITOR,divideCD=4;divideFlag=1
CANCER,900,24,26,24,PROGENITOR,divideCD=4;divideFlag=1
CANCER,854,21,26,25,PROGENITOR,divideCD=4;divideFlag=1
CANCER,643,21,25,30,PROGENITOR,divideCD=4;divideFlag=1
CANCER,689,24,27,31,PROGENITOR,divideCD=4;divideFlag=1
CANCER,535,22,24,33,PROGENITOR,divideCD=4;divideFlag=1
CANCER,525,20,28,18,PROGENITOR,divideCD=4;divideFlag=1
CANCER,638,22,27,20,PROGENITOR,divideCD=4;divideFlag=1
CANCER,878,23,27,26,PROGENITOR,divideCD=4;divideFlag=1
CANCER,860,23,26,28,PROGENITOR,divideCD=4;divideFlag=1
CANCER,542,19,26,29,PROGENITOR,divideCD=4;divideFlag=1
CANCER,686,25,29,22,PROGENITOR,divideCD=4;divideFlag=1
CANCER,669,22,31,23,PROGENITOR,divideCD=4;divideFlag=1
CANCER,802,21,27,22,PROGENITOR,divideCD=4;divideFlag=1
CANCER,784,22,29,25,PROGENITOR,divideCD=4;divideFlag=1
CANCER,731,24,29,27,PROGENITOR,divideCD=4;divideFlag=1
CANCER,732,22,30,28,PROGENITOR,divideCD=4;divideFlag=1
CANCER,616,21,30,29,PROGENITOR,divideCD=4;divideFlag=1
CANCER,670,21,29,23,PROGENITOR,divideCD=4;divideFlag=1
CANCER,803,25,30,24,PROGENITOR,divideCD=4;divideFlag=1
CANCER,600,24,31,27,PROGENITOR,divideCD=4;divideFlag=1
CANCER,551,22,30,30,PROGENITOR,divideCD=4;divideFlag=1
CANCER,704,23,20,24,PROGENITOR,divideCD=4;divideFlag=1
CANCER,527,25,18,25,PROGENITOR,divideCD=4;divideFlag=1
CANCER,663,24,19,28,PROGENITOR,divideCD=4;divideFlag=1
CANCER,528,22,17,26,PROGENITOR,divideCD=4;divideFlag=1
CANCER,785,22,20,28,PROGENITOR,divideCD=4;divideFlag=1
CANCER,586,26,19,22,PROGENITOR,divideCD=4;divideFlag=1
CANCER,648,23,22,21,PROGENITOR,divideCD=4;divideFlag=1
CANCER,889,24,23,26,PROGENITOR,divideCD=4;divideFlag=1
CANCER,818,24,21,26,PROGENITOR,divideCD=4;divideFlag=1
CANCER,671,24,20,29,PROGENITOR,divideCD=4;divideFlag=1
CANCER,676,25,20,21,PROGENITOR,divideCD=4;divideFlag=1
CANCER,533,26,24,17,PROGENITOR,divideCD=4;divideFlag=1
CANCER,761,25,22,24,PROGENITOR,divideCD=4;divideFlag=1
CANCER,777,25,22,25,PROGENITOR,divideCD=4;divideFlag=1
CANCER,871,25,23,27,PROGENITOR,divideCD=4;divideFlag=1
CANCER,581,26,23,31,PROGENITOR,divideCD=4;divideFlag=1
CANCER,596,24,25,19,PROGENITOR,divideCD=4;divideFlag=1
CANCER,729,24,24,21,PROGENITOR,divideCD=4;divideFlag=1
CANCER,791,26,23,22,PROGENITOR,divideCD=4;divideFlag=1
CANCER,822,24,23,24,PROGENITOR,divideCD=4;divideFlag=1
CANCER,872,25,25,27,PROGENITOR,divideCD=4;divideFlag=1
CANCER,691,22,23,30,PROGENITOR,divideCD=4;divideFlag=1
CANCER,692,23,24,30,PROGENITOR,divideCD=4;divideFlag=1
CANCER,534,23,24,17,PROGENITOR,divideCD=4;divideFlag=1
CANCER,646,21,28,21,PROGENITOR,divideCD=4;divideFlag=1
CANCER,835,24,26,28,PROGENITOR,divideCD=4;divideFlag=1
CANCER,718,25,24,30,PROGENITOR,divideCD=4;divideFlag=1
CANCER,617,24,26,19,PROGENITOR,divideCD=4;divideFlag=1
CANCER,730,23,28,20,PROGENITOR,divideCD=4;divideFlag=1
CANCER,858,25,26,23,PROGENITOR,divideCD=4;divideFlag=1
CANCER,902,24,26,27,PROGENITOR,divideCD=4;divideFlag=1
CANCER,916,25,25,26,PROGENITOR,divideCD=4;divideFlag=1
CANCER,801,23,25,30,PROGENITOR,divideCD=4;divideFlag=1
CANCER,521,27,28,33,PROGENITOR,divideCD=4;divideFlag=1
CANCER,753,25,28,21,PROGENITOR,divideCD=4;divideFlag=1
CANCER,660,24,27,20,PROGENITOR,divideCD=4;divideFlag=1
CANCER,907,25,27,24,PROGENITOR,divideCD=4;divideFlag=1
CANCER,913,24,27,26,PROGENITOR,divideCD=4;divideFlag=1
CANCER,920,25,27,26,PROGENITOR,divideCD=4;divideFlag=1
CANCER,891,25,27,28,PROGENITOR,divideCD=4;divideFlag=1
CANCER,640,21,28,29,PROGENITOR,divideCD=4;divideFlag=1
CANCER,661,22,27,19,PROGENITOR,divideCD=4;divideFlag=1
CANCER,834,25,29,24,PROGENITOR,divideCD=4;divideFlag=1
CANCER,787,27,30,28,PROGENITOR,divideCD=4;divideFlag=1
CANCER,591,23,31,28,PROGENITOR,divideCD=4;divideFlag=1
CANCER,565,20,29,30,PROGENITOR,divideCD=4;divideFlag=1
CANCER,817,23,31,25,PROGENITOR,divideCD=4;divideFlag=1
CANCER,540,23,32,22,PROGENITOR,divideCD=4;divideFlag=1
CANCER,566,24,33,22,PROGENITOR,divideCD=4;divideFlag=1
CANCER,767,24,31,28,PROGENITOR,divideCD=4;divideFlag=1
CANCER,846,26,29,26,PROGENITOR,divideCD=4;divideFlag=1
CANCER,847,25,20,24,PROGENITOR,divideCD=4;divideFlag=1
CANCER,698,27,23,21,PROGENITOR,divideCD=4;divideFlag=1
CANCER,626,27,18,21,PROGENITOR,divideCD=4;divideFlag=1
CANCER,685,25,20,26,PROGENITOR,divideCD=4;divideFlag=1
CANCER,606,28,20,25,PROGENITOR,divideCD=4;divideFlag=1
CANCER,715,25,21,29,PROGENITOR,divideCD=4;divideFlag=1
CANCER,863,24,20,26,PROGENITOR,divideCD=4;divideFlag=1
CANCER,516,28,17,28,PROGENITOR,divideCD=4;divideFlag=1
CANCER,628,21,21,19,PROGENITOR,divideCD=4;divideFlag=1
CANCER,760,25,22,22,PROGENITOR,divideCD=4;divideFlag=1
CANCER,827,24,22,23,PROGENITOR,divideCD=4;divideFlag=1
CANCER,702,27,21,21,PROGENITOR,divideCD=4;divideFlag=1
CANCER,828,24,21,24,PROGENITOR,divideCD=4;divideFlag=1
CANCER,602,24,21,31,PROGENITOR,divideCD=4;divideFlag=1
CANCER,788,28,23,30,PROGENITOR,divideCD=4;divideFlag=1
CANCER,716,27,22,29,PROGENITOR,divideCD=4;divideFlag=1
CANCER,629,24,21,20,PROGENITOR,divideCD=4;divideFlag=1
CANCER,733,25,24,20,PROGENITOR,divideCD=4;divideFlag=1
CANCER,909,25,22,23,PROGENITOR,divideCD=4;divideFlag=1
CANCER,869,28,25,24,PROGENITOR,divideCD=4;divideFlag=1
CANCER,917,23,24,25,PROGENITOR,divideCD=4;divideFlag=1
CANCER,893,28,23,26,PROGENITOR,divideCD=4;divideFlag=1
CANCER,906,25,26,28,PROGENITOR,divideCD=4;divideFlag=1
CANCER,896,23,23,28,PROGENITOR,divideCD=4;divideFlag=1
CANCER,603,25,21,32,PROGENITOR,divideCD=4;divideFlag=1
CANCER,568,26,22,18,PROGENITOR,divideCD=4;divideFlag=1
CANCER,816,23,23,22,PROGENITOR,divideCD=4;divideFlag=1
CANCER,852,27,23,22,PROGENITOR,divideCD=4;divideFlag=1
CANCER,675,26,22,32,PROGENITOR,divideCD=4;divideFlag=1
CANCER,539,26,22,33,PROGENITOR,divideCD=4;divideFlag=1
CANCER,580,25,25,17,PROGENITOR,divideCD=4;divideFlag=1
CANCER,658,26,22,19,PROGENITOR,divideCD=4;divideFlag=1
CANCER,880,25,26,21,PROGENITOR,divideCD=4;divideFlag=1
CANCER,915,26,25,23,PROGENITOR,divideCD=4;divideFlag=1
CANCER,745,26,25,29,PROGENITOR,divideCD=4;divideFlag=1
CANCER,864,26,24,27,PROGENITOR,divideCD=4;divideFlag=1
CANCER,524,25,25,33,PROGENITOR,divideCD=4;divideFlag=1
CANCER,795,25,27,22,PROGENITOR,divideCD=4;divideFlag=1
CANCER,819,26,27,27,PROGENITOR,divideCD=4;divideFlag=1
CANCER,746,25,26,30,PROGENITOR,divideCD=4;divideFlag=1
CANCER,747,26,25,30,PROGENITOR,divideCD=4;divideFlag=1
CANCER,569,24,26,18,PROGENITOR,divideCD=4;divideFlag=1
CANCER,604,26,28,19,PROGENITOR,divideCD=4;divideFlag=1
CANCER,765,25,29,23,PROGENITOR,divideCD=4;divideFlag=1
CANCER,865,26,28,24,PROGENITOR,divideCD=4;divideFlag=1
CANCER,877,26,28,25,PROGENITOR,divideCD=4;divideFlag=1
CANCER,778,25,29,26,PROGENITOR,divideCD=4;divideFlag=1
CANCER,635,26,30,30,PROGENITOR,divideCD=4;divideFlag=1
CANCER,585,26,26,31,PROGENITOR,divideCD=4;divideFlag=1
CANCER,550,27,29,19,PROGENITOR,divideCD=4;divideFlag=1
CANCER,796,26,28,22,PROGENITOR,divideCD=4;divideFlag=1
CANCER,683,25,31,22,PROGENITOR,divideCD=4;divideFlag=1
CANCER,845,24,28,25,PROGENITOR,divideCD=4;divideFlag=1
CANCER,707,24,30,28,PROGENITOR,divideCD=4;divideFlag=1
CANCER,532,26,33,29,PROGENITOR,divideCD=4;divideFlag=1
CANCER,621,25,28,18,PROGENITOR,divideCD=4;divideFlag=1
CANCER,544,25,32,23,PROGENITOR,divideCD=4;divideFlag=1
CANCER,703,27,28,27,PROGENITOR,divideCD=4;divideFlag=1
CANCER,754,26,30,29,PROGENITOR,divideCD=4;divideFlag=1
CANCER,597,25,31,26,PROGENITOR,divideCD=4;divideFlag=1
CANCER,809,24,31,25,PROGENITOR,divideCD=4;divideFlag=1
CANCER,582,26,19,21,PROGENITOR,divideCD=4;divideFlag=1
CANCER,820,25,21,26,PROGENITOR,divideCD=4;divideFlag=1
CANCER,659,25,19,26,PROGENITOR,divideCD=4;divideFlag=1
CANCER,644,30,21,26,PROGENITOR,divideCD=4;divideFlag=1
CANCER,681,26,23,20,PROGENITOR,divideCD=4;divideFlag=1
CANCER,810,26,20,23,PROGENITOR,divideCD=4;divideFlag=1
CANCER,720,29,22,23,PROGENITOR,divideCD=4;divideFlag=1
CANCER,821,25,22,26,PROGENITOR,divideCD=4;divideFlag=1
CANCER,645,26,19,28,PROGENITOR,divideCD=4;divideFlag=1
CANCER,682,25,24,18,PROGENITOR,divideCD=4;divideFlag=1
CANCER,622,25,21,19,PROGENITOR,divideCD=4;divideFlag=1
CANCER,876,26,23,24,PROGENITOR,divideCD=4;divideFlag=1
CANCER,772,27,21,25,PROGENITOR,divideCD=4;divideFlag=1
CANCER,844,28,23,27,PROGENITOR,divideCD=4;divideFlag=1
CANCER,744,28,20,28,PROGENITOR,divideCD=4;divideFlag=1
CANCER,557,26,23,17,PROGENITOR,divideCD=4;divideFlag=1
CANCER,680,30,24,23,PROGENITOR,divideCD=4;divideFlag=1
CANCER,808,28,23,23,PROGENITOR,divideCD=4;divideFlag=1
CANCER,890,26,24,25,PROGENITOR,divideCD=4;divideFlag=1
CANCER,879,26,24,28,PROGENITOR,divideCD=4;divideFlag=1
CANCER,756,26,24,29,PROGENITOR,divideCD=4;divideFlag=1
CANCER,558,26,27,32,PROGENITOR,divideCD=4;divideFlag=1
CANCER,601,28,24,20,PROGENITOR,divideCD=4;divideFlag=1
CANCER,590,28,22,19,PROGENITOR,divideCD=4;divideFlag=1
CANCER,735,28,25,22,PROGENITOR,divideCD=4;divideFlag=1
CANCER,825,27,25,27,PROGENITOR,divideCD=4;divideFlag=1
CANCER,666,25,28,30,PROGENITOR,divideCD=4;divideFlag=1
CANCER,789,26,29,21,PROGENITOR,divideCD=4;divideFlag=1
CANCER,700,27,27,21,PROGENITOR,divideCD=4;divideFlag=1
CANCER,855,27,26,26,PROGENITOR,divideCD=4;divideFlag=1
CANCER,790,27,27,28,PROGENITOR,divideCD=4;divideFlag=1
CANCER,667,26,27,29,PROGENITOR,divideCD=4;divideFlag=1
CANCER,531,26,30,32,PROGENITOR,divideCD=4;divideFlag=1
CANCER,701,28,27,21,PROGENITOR,divideCD=4;divideFlag=1
CANCER,627,27,30,20,PROGENITOR,divideCD=4;divideFlag=1
CANCER,866,26,26,23,PROGENITOR,divideCD=4;divideFlag=1
CANCER,721,27,29,25,PROGENITOR,divideCD=4;divideFlag=1
CANCER,826,25,28,28,PROGENITOR,divideCD=4;divideFlag=1
CANCER,776,30,25,28,PROGENITOR,divideCD=4;divideFlag=1
CANCER,711,27,27,31,PROGENITOR,divideCD=4;divideFlag=1
CANCER,549,24,31,31,PROGENITOR,divideCD=4;divideFlag=1
CANCER,611,25,30,19,PROGENITOR,divideCD=4;divideFlag=1
CANCER,829,27,30,22,PROGENITOR,divideCD=4;divideFlag=1
CANCER,786,27,29,23,PROGENITOR,divideCD=4;divideFlag=1
CANCER,742,26,28,29,PROGENITOR,divideCD=4;divideFlag=1
CANCER,574,27,33,21,PROGENITOR,divideCD=4;divideFlag=1
CANCER,654,27,30,26,PROGENITOR,divideCD=4;divideFlag=1
CANCER,642,25,33,27,PROGENITOR,divideCD=4;divideFlag=1
CANCER,807,28,31,25,PROGENITOR,divideCD=4;divideFlag=1
CANCER,743,27,21,23,PROGENITOR,divideCD=4;divideFlag=1
CANCER,757,28,21,27,PROGENITOR,divideCD=4;divideFlag=1
CANCER,673,27,21,29,PROGENITOR,divideCD=4;divideFlag=1
CANCER,612,29,23,20,PROGENITOR,divideCD=4;divideFlag=1
CANCER,758,26,22,20,PROGENITOR,divideCD=4;divideFlag=1
CANCER,575,31,21,26,PROGENITOR,divideCD=4;divideFlag=1
CANCER,814,31,22,25,PROGENITOR,divideCD=4;divideFlag=1
CANCER,759,28,22,27,PROGENITOR,divideCD=4;divideFlag=1
CANCER,517,28,21,31,PROGENITOR,divideCD=4;divideFlag=1
CANCER,613,27,22,19,PROGENITOR,divideCD=4;divideFlag=1
CANCER,592,29,22,18,PROGENITOR,divideCD=4;divideFlag=1
CANCER,773,27,22,25,PROGENITOR,divideCD=4;divideFlag=1
CANCER,830,27,24,27,PROGENITOR,divideCD=4;divideFlag=1
CANCER,647,28,21,30,PROGENITOR,divideCD=4;divideFlag=1
CANCER,630,26,24,31,PROGENITOR,divideCD=4;divideFlag=1
CANCER,618,27,24,19,PROGENITOR,divideCD=4;divideFlag=1
CANCER,662,30,24,20,PROGENITOR,divideCD=4;divideFlag=1
CANCER,619,27,23,20,PROGENITOR,divideCD=4;divideFlag=1
CANCER,725,29,23,23,PROGENITOR,divideCD=4;divideFlag=1
CANCER,904,27,24,26,PROGENITOR,divideCD=4;divideFlag=1
CANCER,861,28,24,26,PROGENITOR,divideCD=4;divideFlag=1
CANCER,712,30,24,28,PROGENITOR,divideCD=4;divideFlag=1
CANCER,774,29,25,30,PROGENITOR,divideCD=4;divideFlag=1
CANCER,694,26,26,19,PROGENITOR,divideCD=4;divideFlag=1
CANCER,831,26,25,22,PROGENITOR,divideCD=4;divideFlag=1
CANCER,541,31,25,21,PROGENITOR,divideCD=4;divideFlag=1
CANCER,749,29,26,23,PROGENITOR,divideCD=4;divideFlag=1
CANCER,887,27,26,25,PROGENITOR,divideCD=4;divideFlag=1
CANCER,901,26,25,26,PROGENITOR,divideCD=4;divideFlag=1
CANCER,605,29,25,29,PROGENITOR,divideCD=4;divideFlag=1
CANCER,775,28,24,22,PROGENITOR,divideCD=4;divideFlag=1
CANCER,552,29,26,21,PROGENITOR,divideCD=4;divideFlag=1
CANCER,762,28,27,22,PROGENITOR,divideCD=4;divideFlag=1
CANCER,873,28,27,25,PROGENITOR,divideCD=4;divideFlag=1
CANCER,905,26,27,26,PROGENITOR,divideCD=4;divideFlag=1
CANCER,842,28,26,28,PROGENITOR,divideCD=4;divideFlag=1
CANCER,584,28,27,32,PROGENITOR,divideCD=4;divideFlag=1
CANCER,571,28,28,19,PROGENITOR,divideCD=4;divideFlag=1
CANCER,615,28,29,18,PROGENITOR,divideCD=4;divideFlag=1
CANCER,918,26,28,23,PROGENITOR,divideCD=4;divideFlag=1
CANCER,797,30,29,24,PROGENITOR,divideCD=4;divideFlag=1
CANCER,867,29,26,25,PROGENITOR,divideCD=4;divideFlag=1
CANCER,888,29,28,26,PROGENITOR,divideCD=4;divideFlag=1
CANCER,706,27,29,31,PROGENITOR,divideCD=4;divideFlag=1
CANCER,903,28,25,27,PROGENITOR,divideCD=4;divideFlag=1
CANCER,518,30,27,33,PROGENITOR,divideCD=4;divideFlag=1
CANCER,833,28,31,23,PROGENITOR,divideCD=4;divideFlag=1
CANCER,690,28,31,22,PROGENITOR,divideCD=4;divideFlag=1
CANCER,919,27,27,24,PROGENITOR,divideCD=4;divideFlag=1
CANCER,912,28,28,25,PROGENITOR,divideCD=4;divideFlag=1
CANCER,798,28,29,28,PROGENITOR,divideCD=4;divideFlag=1
CANCER,799,27,29,28,PROGENITOR,divideCD=4;divideFlag=1
CANCER,709,30,32,24,PROGENITOR,divideCD=4;divideFlag=1
CANCER,543,28,33,23,PROGENITOR,divideCD=4;divideFlag=1
CANCER,734,27,31,25,PROGENITOR,divideCD=4;divideFlag=1
CANCER,583,30,30,28,PROGENITOR,divideCD=4;divideFlag=1
CANCER,594,32,21,22,PROGENITOR,divideCD=4;divideFlag=1
CANCER,812,28,21,24,PROGENITOR,divideCD=4;divideFlag=1
CANCER,567,32,23,21,PROGENITOR,divideCD=4;divideFlag=1
CANCER,868,29,25,24,PROGENITOR,divideCD=4;divideFlag=1
CANCER,674,31,23,26,PROGENITOR,divideCD=4;divideFlag=1
CANCER,657,28,18,26,PROGENITOR,divideCD=4;divideFlag=1
CANCER,768,30,27,21,PROGENITOR,divideCD=4;divideFlag=1
CANCER,649,30,23,23,PROGENITOR,divideCD=4;divideFlag=1
CANCER,851,30,23,26,PROGENITOR,divideCD=4;divideFlag=1
CANCER,813,29,23,28,PROGENITOR,divideCD=4;divideFlag=1
CANCER,719,30,23,28,PROGENITOR,divideCD=4;divideFlag=1
CANCER,536,31,22,22,PROGENITOR,divideCD=4;divideFlag=1
CANCER,769,28,21,25,PROGENITOR,divideCD=4;divideFlag=1
CANCER,736,29,25,27,PROGENITOR,divideCD=4;divideFlag=1
CANCER,522,30,24,18,PROGENITOR,divideCD=4;divideFlag=1
CANCER,857,28,25,23,PROGENITOR,divideCD=4;divideFlag=1
CANCER,523,30,25,18,PROGENITOR,divideCD=4;divideFlag=1
CANCER,737,31,26,27,PROGENITOR,divideCD=4;divideFlag=1
CANCER,677,29,27,27,PROGENITOR,divideCD=4;divideFlag=1
CANCER,806,25,26,29,PROGENITOR,divideCD=4;divideFlag=1
CANCER,792,27,26,21,PROGENITOR,divideCD=4;divideFlag=1
CANCER,693,31,27,23,PROGENITOR,divideCD=4;divideFlag=1
CANCER,738,30,26,29,PROGENITOR,divideCD=4;divideFlag=1
CANCER,739,31,26,28,PROGENITOR,divideCD=4;divideFlag=1
CANCER,740,30,28,26,PROGENITOR,divideCD=4;divideFlag=1
CANCER,593,29,27,29,PROGENITOR,divideCD=4;divideFlag=1
CANCER,570,30,29,22,PROGENITOR,divideCD=4;divideFlag=1
CANCER,741,29,27,25,PROGENITOR,divideCD=4;divideFlag=1
CANCER,620,30,29,23,PROGENITOR,divideCD=4;divideFlag=1
CANCER,678,30,27,28,PROGENITOR,divideCD=4;divideFlag=1
CANCER,832,28,28,28,PROGENITOR,divideCD=4;divideFlag=1
CANCER,641,30,29,26,PROGENITOR,divideCD=4;divideFlag=1
CANCER,755,27,28,21,PROGENITOR,divideCD=4;divideFlag=1
CANCER,763,28,30,24,PROGENITOR,divideCD=4;divideFlag=1
CANCER,651,31,31,25,PROGENITOR,divideCD=4;divideFlag=1
CANCER,546,31,32,26,PROGENITOR,divideCD=4;divideFlag=1
CANCER,554,32,22,26,PROGENITOR,divideCD=4;divideFlag=1
CANCER,595,32,24,27,PROGENITOR,divideCD=4;divideFlag=1
CANCER,631,30,21,27,PROGENITOR,divideCD=4;divideFlag=1
CANCER,547,31,22,20,PROGENITOR,divideCD=4;divideFlag=1
CANCER,699,32,25,25,PROGENITOR,divideCD=4;divideFlag=1
CANCER,664,32,24,25,PROGENITOR,divideCD=4;divideFlag=1
CANCER,805,31,27,26,PROGENITOR,divideCD=4;divideFlag=1
CANCER,623,30,24,29,PROGENITOR,divideCD=4;divideFlag=1
CANCER,679,30,25,21,PROGENITOR,divideCD=4;divideFlag=1
CANCER,632,33,26,22,PROGENITOR,divideCD=4;divideFlag=1
CANCER,633,31,25,24,PROGENITOR,divideCD=4;divideFlag=1
CANCER,843,28,24,25,PROGENITOR,divideCD=4;divideFlag=1
CANCER,782,30,24,26,PROGENITOR,divideCD=4;divideFlag=1
CANCER,634,32,25,30,PROGENITOR,divideCD=4;divideFlag=1
CANCER,722,30,27,25,PROGENITOR,divideCD=4;divideFlag=1
CANCER,529,34,25,26,PROGENITOR,divideCD=4;divideFlag=1
CANCER,624,32,29,26,PROGENITOR,divideCD=4;divideFlag=1
CANCER,530,33,27,29,PROGENITOR,divideCD=4;divideFlag=1
CANCER,579,31,27,21,PROGENITOR,divideCD=4;divideFlag=1
CANCER,588,30,30,27,PROGENITOR,divideCD=4;divideFlag=1
CANCER,559,31,27,25,PROGENITOR,divideCD=4;divideFlag=1
CANCER,526,33,23,25,PROGENITOR,divideCD=4;divideFlag=1
CANCER,978,18,26,23,PROGENITOR,divideCD=5;divideFlag=1
CANCER,1049,20,21,23,PROGENITOR,divideCD=5;divideFlag=1
CANCER,962,18,22,22,PROGENITOR,divideCD=5;divideFlag=1
CANCER,992,22,20,24,PROGENITOR,divideCD=5;divideFlag=1
CANCER,1214,19,23,26,PROGENITOR,divideCD=5;divideFlag=1
CANCER,942,18,21,26,PROGENITOR,divideCD=5;divideFlag=1
CANCER,1028,18,22,28,PROGENITOR,divideCD=5;divideFlag=1
CANCER,1189,21,22,25,PROGENITOR,divideCD=5;divideFlag=1
CANCER,1168,21,22,21,PROGENITOR,divideCD=5;divideFlag=1
CANCER,979,17,25,23,PROGENITOR,divideCD=5;divideFlag=1
CANCER,943,19,22,25,PROGENITOR,divideCD=5;divideFlag=1
CANCER,1029,18,25,30,PROGENITOR,divideCD=5;divideFlag=1
CANCER,1077,20,27,20,PROGENITOR,divideCD=5;divideFlag=1
CANCER,1278,21,27,23,PROGENITOR,divideCD=5;divideFlag=1
CANCER,1101,20,28,25,PROGENITOR,divideCD=5;divideFlag=1
CANCER,1290,23,25,24,PROGENITOR,divideCD=5;divideFlag=1
CANCER,963,17,27,27,PROGENITOR,divideCD=5;divideFlag=1
CANCER,1205,21,23,30,PROGENITOR,divideCD=5;divideFlag=1
CANCER,1129,19,27,27,PROGENITOR,divideCD=5;divideFlag=1
CANCER,1274,21,25,24,PROGENITOR,divideCD=5;divideFlag=1
CANCER,1215,20,25,25,PROGENITOR,divideCD=5;divideFlag=1
CANCER,1062,19,24,22,PROGENITOR,divideCD=5;divideFlag=1
CANCER,928,18,26,29,PROGENITOR,divideCD=5;divideFlag=1
CANCER,1147,20,25,28,PROGENITOR,divideCD=5;divideFlag=1
CANCER,1002,20,30,24,PROGENITOR,divideCD=5;divideFlag=1
CANCER,1279,21,27,24,PROGENITOR,divideCD=5;divideFlag=1
CANCER,964,17,28,25,PROGENITOR,divideCD=5;divideFlag=1
CANCER,1216,18,24,26,PROGENITOR,divideCD=5;divideFlag=1
CANCER,1117,22,30,27,PROGENITOR,divideCD=5;divideFlag=1
CANCER,1190,20,30,25,PROGENITOR,divideCD=5;divideFlag=1
CANCER,1063,22,19,26,PROGENITOR,divideCD=5;divideFlag=1
CANCER,1252,21,22,23,PROGENITOR,divideCD=5;divideFlag=1
CANCER,935,25,18,23,PROGENITOR,divideCD=5;divideFlag=1
CANCER,1052,21,21,25,PROGENITOR,divideCD=5;divideFlag=1
CANCER,995,20,19,28,PROGENITOR,divideCD=5;divideFlag=1
CANCER,1247,23,23,21,PROGENITOR,divideCD=5;divideFlag=1
CANCER,1224,22,23,24,PROGENITOR,divideCD=5;divideFlag=1
CANCER,1281,22,25,25,PROGENITOR,divideCD=5;divideFlag=1
CANCER,1093,20,22,27,PROGENITOR,divideCD=5;divideFlag=1
CANCER,1271,21,24,27,PROGENITOR,divideCD=5;divideFlag=1
CANCER,1235,22,21,28,PROGENITOR,divideCD=5;divideFlag=1
CANCER,1107,22,24,21,PROGENITOR,divideCD=5;divideFlag=1
CANCER,1225,22,24,24,PROGENITOR,divideCD=5;divideFlag=1
CANCER,957,18,24,24,PROGENITOR,divideCD=5;divideFlag=1
CANCER,1286,23,26,25,PROGENITOR,divideCD=5;divideFlag=1
CANCER,1126,22,28,30,PROGENITOR,divideCD=5;divideFlag=1
CANCER,1140,21,24,30,PROGENITOR,divideCD=5;divideFlag=1
CANCER,1010,20,24,20,PROGENITOR,divideCD=5;divideFlag=1
CANCER,1067,20,27,23,PROGENITOR,divideCD=5;divideFlag=1
CANCER,1094,20,25,24,PROGENITOR,divideCD=5;divideFlag=1
CANCER,1156,20,26,25,PROGENITOR,divideCD=5;divideFlag=1
CANCER,1282,22,25,26,PROGENITOR,divideCD=5;divideFlag=1
CANCER,1287,24,26,26,PROGENITOR,divideCD=5;divideFlag=1
CANCER,1157,20,25,29,PROGENITOR,divideCD=5;divideFlag=1
CANCER,1141,22,22,29,PROGENITOR,divideCD=5;divideFlag=1
CANCER,971,21,31,20,PROGENITOR,divideCD=5;divideFlag=1
CANCER,1027,20,25,22,PROGENITOR,divideCD=5;divideFlag=1
CANCER,1186,21,26,22,PROGENITOR,divideCD=5;divideFlag=1
CANCER,1158,18,25,25,PROGENITOR,divideCD=5;divideFlag=1
CANCER,1260,21,26,28,PROGENITOR,divideCD=5;divideFlag=1
CANCER,1255,23,28,26,PROGENITOR,divideCD=5;divideFlag=1
CANCER,1136,19,27,28,PROGENITOR,divideCD=5;divideFlag=1
CANCER,1172,24,29,22,PROGENITOR,divideCD=5;divideFlag=1
CANCER,1037,19,28,22,PROGENITOR,divideCD=5;divideFlag=1
CANCER,1151,22,29,24,PROGENITOR,divideCD=5;divideFlag=1
CANCER,1173,19,29,26,PROGENITOR,divideCD=5;divideFlag=1
CANCER,1174,21,29,25,PROGENITOR,divideCD=5;divideFlag=1
CANCER,1236,22,25,27,PROGENITOR,divideCD=5;divideFlag=1
CANCER,1038,19,27,30,PROGENITOR,divideCD=5;divideFlag=1
CANCER,1175,20,29,26,PROGENITOR,divideCD=5;divideFlag=1
CANCER,1152,21,30,24,PROGENITOR,divideCD=5;divideFlag=1
CANCER,1237,21,28,28,PROGENITOR,divideCD=5;divideFlag=1
CANCER,996,18,30,27,PROGENITOR,divideCD=5;divideFlag=1
CANCER,972,18,27,28,PROGENITOR,divideCD=5;divideFlag=1
CANCER,941,19,32,25,PROGENITOR,divideCD=5;divideFlag=1
CANCER,1109,24,20,23,PROGENITOR,divideCD=5;divideFlag=1
CANCER,1097,22,21,20,PROGENITOR,divideCD=5;divideFlag=1
CANCER,984,23,18,27,PROGENITOR,divideCD=5;divideFlag=1
CANCER,973,19,21,27,PROGENITOR,divideCD=5;divideFlag=1
CANCER,923,21,18,29,PROGENITOR,divideCD=5;divideFlag=1
CANCER,1081,21,22,22,PROGENITOR,divideCD=5;divideFlag=1
CANCER,1008,21,19,23,PROGENITOR,divideCD=5;divideFlag=1
CANCER,1176,22,22,24,PROGENITOR,divideCD=5;divideFlag=1
CANCER,1153,22,21,27,PROGENITOR,divideCD=5;divideFlag=1
CANCER,1064,21,21,29,PROGENITOR,divideCD=5;divideFlag=1
CANCER,1050,21,21,27,PROGENITOR,divideCD=5;divideFlag=1
CANCER,951,19,25,19,PROGENITOR,divideCD=5;divideFlag=1
CANCER,1238,23,25,22,PROGENITOR,divideCD=5;divideFlag=1
CANCER,1283,23,23,23,PROGENITOR,divideCD=5;divideFlag=1
CANCER,1137,19,23,24,PROGENITOR,divideCD=5;divideFlag=1
CANCER,1154,23,21,27,PROGENITOR,divideCD=5;divideFlag=1
CANCER,1256,23,24,27,PROGENITOR,divideCD=5;divideFlag=1
CANCER,1059,21,22,28,PROGENITOR,divideCD=5;divideFlag=1
CANCER,1102,23,22,29,PROGENITOR,divideCD=5;divideFlag=1
CANCER,1199,22,26,23,PROGENITOR,divideCD=5;divideFlag=1
CANCER,1200,23,24,29,PROGENITOR,divideCD=5;divideFlag=1
CANCER,1026,25,24,31,PROGENITOR,divideCD=5;divideFlag=1
CANCER,929,22,28,17,PROGENITOR,divideCD=5;divideFlag=1
CANCER,1270,25,25,24,PROGENITOR,divideCD=5;divideFlag=1
CANCER,1171,23,26,30,PROGENITOR,divideCD=5;divideFlag=1
CANCER,1123,21,28,20,PROGENITOR,divideCD=5;divideFlag=1
CANCER,1124,23,29,23,PROGENITOR,divideCD=5;divideFlag=1
CANCER,1242,24,26,23,PROGENITOR,divideCD=5;divideFlag=1
CANCER,1201,21,25,27,PROGENITOR,divideCD=5;divideFlag=1
CANCER,1080,22,26,31,PROGENITOR,divideCD=5;divideFlag=1
CANCER,967,22,26,32,PROGENITOR,divideCD=5;divideFlag=1
CANCER,1014,24,25,32,PROGENITOR,divideCD=5;divideFlag=1
CANCER,986,23,29,19,PROGENITOR,divideCD=5;divideFlag=1
CANCER,958,22,28,19,PROGENITOR,divideCD=5;divideFlag=1
CANCER,1267,24,28,24,PROGENITOR,divideCD=5;divideFlag=1
CANCER,1268,24,27,27,PROGENITOR,divideCD=5;divideFlag=1
CANCER,1269,23,27,29,PROGENITOR,divideCD=5;divideFlag=1
CANCER,1085,23,29,29,PROGENITOR,divideCD=5;divideFlag=1
CANCER,1086,22,29,28,PROGENITOR,divideCD=5;divideFlag=1
CANCER,1133,22,29,22,PROGENITOR,divideCD=5;divideFlag=1
CANCER,1181,22,28,22,PROGENITOR,divideCD=5;divideFlag=1
CANCER,1057,19,27,25,PROGENITOR,divideCD=5;divideFlag=1
CANCER,1160,24,29,28,PROGENITOR,divideCD=5;divideFlag=1
CANCER,1087,24,30,30,PROGENITOR,divideCD=5;divideFlag=1
CANCER,1009,21,29,29,PROGENITOR,divideCD=5;divideFlag=1
CANCER,1074,20,29,22,PROGENITOR,divideCD=5;divideFlag=1
CANCER,1042,23,31,24,PROGENITOR,divideCD=5;divideFlag=1
CANCER,1134,24,31,21,PROGENITOR,divideCD=5;divideFlag=1
CANCER,974,23,31,29,PROGENITOR,divideCD=5;divideFlag=1
CANCER,1043,23,20,23,PROGENITOR,divideCD=5;divideFlag=1
CANCER,1103,26,19,25,PROGENITOR,divideCD=5;divideFlag=1
CANCER,1120,24,19,25,PROGENITOR,divideCD=5;divideFlag=1
CANCER,931,23,17,27,PROGENITOR,divideCD=5;divideFlag=1
CANCER,990,24,19,22,PROGENITOR,divideCD=5;divideFlag=1
CANCER,932,22,19,22,PROGENITOR,divideCD=5;divideFlag=1
CANCER,1044,23,18,24,PROGENITOR,divideCD=5;divideFlag=1
CANCER,1231,24,22,26,PROGENITOR,divideCD=5;divideFlag=1
CANCER,1203,25,22,27,PROGENITOR,divideCD=5;divideFlag=1
CANCER,1122,25,22,21,PROGENITOR,divideCD=5;divideFlag=1
CANCER,938,24,24,17,PROGENITOR,divideCD=5;divideFlag=1
CANCER,1275,25,23,24,PROGENITOR,divideCD=5;divideFlag=1
CANCER,1234,25,24,26,PROGENITOR,divideCD=5;divideFlag=1
CANCER,1244,25,23,28,PROGENITOR,divideCD=5;divideFlag=1
CANCER,1000,25,22,31,PROGENITOR,divideCD=5;divideFlag=1
CANCER,1105,25,25,20,PROGENITOR,divideCD=5;divideFlag=1
CANCER,1217,25,23,22,PROGENITOR,divideCD=5;divideFlag=1
CANCER,1218,26,24,22,PROGENITOR,divideCD=5;divideFlag=1
CANCER,1196,24,24,29,PROGENITOR,divideCD=5;divideFlag=1
CANCER,1197,24,23,30,PROGENITOR,divideCD=5;divideFlag=1
CANCER,1198,23,23,30,PROGENITOR,divideCD=5;divideFlag=1
CANCER,1018,23,28,19,PROGENITOR,divideCD=5;divideFlag=1
CANCER,1144,23,27,21,PROGENITOR,divideCD=5;divideFlag=1
CANCER,1276,25,24,23,PROGENITOR,divideCD=5;divideFlag=1
CANCER,1166,24,25,30,PROGENITOR,divideCD=5;divideFlag=1
CANCER,1167,23,26,29,PROGENITOR,divideCD=5;divideFlag=1
CANCER,1075,27,25,31,PROGENITOR,divideCD=5;divideFlag=1
CANCER,1056,23,25,20,PROGENITOR,divideCD=5;divideFlag=1
CANCER,1045,23,29,21,PROGENITOR,divideCD=5;divideFlag=1
CANCER,1245,25,25,21,PROGENITOR,divideCD=5;divideFlag=1
CANCER,1257,24,25,28,PROGENITOR,divideCD=5;divideFlag=1
CANCER,1121,21,24,31,PROGENITOR,divideCD=5;divideFlag=1
CANCER,983,24,26,32,PROGENITOR,divideCD=5;divideFlag=1
CANCER,1090,25,29,20,PROGENITOR,divideCD=5;divideFlag=1
CANCER,1149,23,30,23,PROGENITOR,divideCD=5;divideFlag=1
CANCER,1249,25,28,25,PROGENITOR,divideCD=5;divideFlag=1
CANCER,1258,24,27,24,PROGENITOR,divideCD=5;divideFlag=1
CANCER,1259,24,28,27,PROGENITOR,divideCD=5;divideFlag=1
CANCER,1250,26,27,28,PROGENITOR,divideCD=5;divideFlag=1
CANCER,1068,23,30,30,PROGENITOR,divideCD=5;divideFlag=1
CANCER,945,25,27,17,PROGENITOR,divideCD=5;divideFlag=1
CANCER,1177,25,29,27,PROGENITOR,divideCD=5;divideFlag=1
CANCER,1004,24,33,27,PROGENITOR,divideCD=5;divideFlag=1
CANCER,1053,22,31,21,PROGENITOR,divideCD=5;divideFlag=1
CANCER,1021,24,32,23,PROGENITOR,divideCD=5;divideFlag=1
CANCER,1106,26,29,29,PROGENITOR,divideCD=5;divideFlag=1
CANCER,1222,26,21,24,PROGENITOR,divideCD=5;divideFlag=1
CANCER,946,26,19,20,PROGENITOR,divideCD=5;divideFlag=1
CANCER,970,25,18,21,PROGENITOR,divideCD=5;divideFlag=1
CANCER,1178,25,21,25,PROGENITOR,divideCD=5;divideFlag=1
CANCER,1041,27,19,27,PROGENITOR,divideCD=5;divideFlag=1
CANCER,1204,24,21,29,PROGENITOR,divideCD=5;divideFlag=1
CANCER,1069,25,21,27,PROGENITOR,divideCD=5;divideFlag=1
CANCER,922,28,17,30,PROGENITOR,divideCD=5;divideFlag=1
CANCER,1100,23,23,19,PROGENITOR,divideCD=5;divideFlag=1
CANCER,1179,26,22,22,PROGENITOR,divideCD=5;divideFlag=1
CANCER,1180,26,20,22,PROGENITOR,divideCD=5;divideFlag=1
CANCER,1241,26,22,24,PROGENITOR,divideCD=5;divideFlag=1
CANCER,1155,24,22,22,PROGENITOR,divideCD=5;divideFlag=1
CANCER,1089,24,22,30,PROGENITOR,divideCD=5;divideFlag=1
CANCER,1139,27,23,29,PROGENITOR,divideCD=5;divideFlag=1
CANCER,987,26,19,30,PROGENITOR,divideCD=5;divideFlag=1
CANCER,936,24,21,17,PROGENITOR,divideCD=5;divideFlag=1
CANCER,1265,26,24,21,PROGENITOR,divideCD=5;divideFlag=1
CANCER,1248,29,24,22,PROGENITOR,divideCD=5;divideFlag=1
CANCER,1277,26,24,26,PROGENITOR,divideCD=5;divideFlag=1
CANCER,1266,25,25,28,PROGENITOR,divideCD=5;divideFlag=1
CANCER,1003,25,20,31,PROGENITOR,divideCD=5;divideFlag=1
CANCER,988,25,23,18,PROGENITOR,divideCD=5;divideFlag=1
CANCER,1227,24,23,22,PROGENITOR,divideCD=5;divideFlag=1
CANCER,1291,27,24,24,PROGENITOR,divideCD=5;divideFlag=1
CANCER,1202,25,24,29,PROGENITOR,divideCD=5;divideFlag=1
CANCER,1032,28,23,31,PROGENITOR,divideCD=5;divideFlag=1
CANCER,954,25,23,33,PROGENITOR,divideCD=5;divideFlag=1
CANCER,1051,24,22,19,PROGENITOR,divideCD=5;divideFlag=1
CANCER,1110,24,26,20,PROGENITOR,divideCD=5;divideFlag=1
CANCER,1285,24,25,23,PROGENITOR,divideCD=5;divideFlag=1
CANCER,1219,26,26,27,PROGENITOR,divideCD=5;divideFlag=1
CANCER,1034,26,24,33,PROGENITOR,divideCD=5;divideFlag=1
CANCER,1163,26,26,30,PROGENITOR,divideCD=5;divideFlag=1
CANCER,955,25,26,17,PROGENITOR,divideCD=5;divideFlag=1
CANCER,956,26,26,17,PROGENITOR,divideCD=5;divideFlag=1
CANCER,1164,25,28,22,PROGENITOR,divideCD=5;divideFlag=1
CANCER,1125,29,28,24,PROGENITOR,divideCD=5;divideFlag=1
CANCER,1072,25,29,30,PROGENITOR,divideCD=5;divideFlag=1
CANCER,1007,26,27,31,PROGENITOR,divideCD=5;divideFlag=1
CANCER,927,29,30,20,PROGENITOR,divideCD=5;divideFlag=1
CANCER,1099,27,27,22,PROGENITOR,divideCD=5;divideFlag=1
CANCER,1055,26,30,22,PROGENITOR,divideCD=5;divideFlag=1
CANCER,993,25,31,23,PROGENITOR,divideCD=5;divideFlag=1
CANCER,1191,25,30,25,PROGENITOR,divideCD=5;divideFlag=1
CANCER,1143,23,31,26,PROGENITOR,divideCD=5;divideFlag=1
CANCER,1030,26,31,28,PROGENITOR,divideCD=5;divideFlag=1
CANCER,1208,24,28,30,PROGENITOR,divideCD=5;divideFlag=1
CANCER,937,24,29,16,PROGENITOR,divideCD=5;divideFlag=1
CANCER,1195,26,30,23,PROGENITOR,divideCD=5;divideFlag=1
CANCER,1289,23,28,25,PROGENITOR,divideCD=5;divideFlag=1
CANCER,1232,24,30,25,PROGENITOR,divideCD=5;divideFlag=1
CANCER,1005,27,31,28,PROGENITOR,divideCD=5;divideFlag=1
CANCER,1031,25,31,28,PROGENITOR,divideCD=5;divideFlag=1
CANCER,1220,26,30,27,PROGENITOR,divideCD=5;divideFlag=1
CANCER,1058,25,32,25,PROGENITOR,divideCD=5;divideFlag=1
CANCER,982,28,19,21,PROGENITOR,divideCD=5;divideFlag=1
CANCER,1088,27,19,25,PROGENITOR,divideCD=5;divideFlag=1
CANCER,1073,25,19,28,PROGENITOR,divideCD=5;divideFlag=1
CANCER,961,29,20,26,PROGENITOR,divideCD=5;divideFlag=1
CANCER,1280,26,23,21,PROGENITOR,divideCD=5;divideFlag=1
CANCER,1263,25,21,23,PROGENITOR,divideCD=5;divideFlag=1
CANCER,1132,29,21,23,PROGENITOR,divideCD=5;divideFlag=1
CANCER,1221,26,22,26,PROGENITOR,divideCD=5;divideFlag=1
CANCER,1115,26,22,29,PROGENITOR,divideCD=5;divideFlag=1
CANCER,1116,26,21,30,PROGENITOR,divideCD=5;divideFlag=1
CANCER,1209,26,24,19,PROGENITOR,divideCD=5;divideFlag=1
CANCER,1098,25,22,20,PROGENITOR,divideCD=5;divideFlag=1
CANCER,1246,28,22,26,PROGENITOR,divideCD=5;divideFlag=1
CANCER,1170,28,22,28,PROGENITOR,divideCD=5;divideFlag=1
CANCER,924,27,21,17,PROGENITOR,divideCD=5;divideFlag=1
CANCER,1082,31,24,21,PROGENITOR,divideCD=5;divideFlag=1
CANCER,1019,27,25,33,PROGENITOR,divideCD=5;divideFlag=1
CANCER,949,28,24,17,PROGENITOR,divideCD=5;divideFlag=1
CANCER,1161,27,25,22,PROGENITOR,divideCD=5;divideFlag=1
CANCER,1020,27,24,31,PROGENITOR,divideCD=5;divideFlag=1
CANCER,1006,25,28,31,PROGENITOR,divideCD=5;divideFlag=1
CANCER,1039,27,27,20,PROGENITOR,divideCD=5;divideFlag=1
CANCER,1162,27,26,22,PROGENITOR,divideCD=5;divideFlag=1
CANCER,1206,25,25,25,PROGENITOR,divideCD=5;divideFlag=1
CANCER,1182,27,27,26,PROGENITOR,divideCD=5;divideFlag=1
CANCER,1142,28,27,28,PROGENITOR,divideCD=5;divideFlag=1
CANCER,980,28,28,32,PROGENITOR,divideCD=5;divideFlag=1
CANCER,966,31,27,20,PROGENITOR,divideCD=5;divideFlag=1
CANCER,981,30,28,21,PROGENITOR,divideCD=5;divideFlag=1
CANCER,1230,26,27,24,PROGENITOR,divideCD=5;divideFlag=1
CANCER,1207,26,26,25,PROGENITOR,divideCD=5;divideFlag=1
CANCER,1183,27,28,25,PROGENITOR,divideCD=5;divideFlag=1
CANCER,1108,28,27,30,PROGENITOR,divideCD=5;divideFlag=1
CANCER,959,25,29,32,PROGENITOR,divideCD=5;divideFlag=1
CANCER,997,24,29,20,PROGENITOR,divideCD=5;divideFlag=1
CANCER,1193,26,30,24,PROGENITOR,divideCD=5;divideFlag=1
CANCER,1226,27,30,25,PROGENITOR,divideCD=5;divideFlag=1
CANCER,1076,26,31,26,PROGENITOR,divideCD=5;divideFlag=1
CANCER,1210,26,29,27,PROGENITOR,divideCD=5;divideFlag=1
CANCER,1211,25,28,29,PROGENITOR,divideCD=5;divideFlag=1
CANCER,930,25,32,20,PROGENITOR,divideCD=5;divideFlag=1
CANCER,977,27,32,25,PROGENITOR,divideCD=5;divideFlag=1
CANCER,1016,25,32,29,PROGENITOR,divideCD=5;divideFlag=1
CANCER,1127,28,31,27,PROGENITOR,divideCD=5;divideFlag=1
CANCER,1061,26,19,23,PROGENITOR,divideCD=5;divideFlag=1
CANCER,1239,28,22,25,PROGENITOR,divideCD=5;divideFlag=1
CANCER,1288,27,23,23,PROGENITOR,divideCD=5;divideFlag=1
CANCER,1048,28,20,26,PROGENITOR,divideCD=5;divideFlag=1
CANCER,1194,26,21,27,PROGENITOR,divideCD=5;divideFlag=1
CANCER,1145,28,23,19,PROGENITOR,divideCD=5;divideFlag=1
CANCER,1159,27,21,22,PROGENITOR,divideCD=5;divideFlag=1
CANCER,1253,30,23,25,PROGENITOR,divideCD=5;divideFlag=1
CANCER,1254,29,23,25,PROGENITOR,divideCD=5;divideFlag=1
CANCER,1240,27,22,26,PROGENITOR,divideCD=5;divideFlag=1
CANCER,960,29,23,30,PROGENITOR,divideCD=5;divideFlag=1
CANCER,1033,27,21,20,PROGENITOR,divideCD=5;divideFlag=1
CANCER,1264,28,23,21,PROGENITOR,divideCD=5;divideFlag=1
CANCER,998,29,22,27,PROGENITOR,divideCD=5;divideFlag=1
CANCER,1046,25,26,32,PROGENITOR,divideCD=5;divideFlag=1
CANCER,1111,27,26,19,PROGENITOR,divideCD=5;divideFlag=1
CANCER,1095,29,25,22,PROGENITOR,divideCD=5;divideFlag=1
CANCER,1187,30,23,24,PROGENITOR,divideCD=5;divideFlag=1
CANCER,1228,27,25,25,PROGENITOR,divideCD=5;divideFlag=1
CANCER,985,28,24,32,PROGENITOR,divideCD=5;divideFlag=1
CANCER,1229,26,26,21,PROGENITOR,divideCD=5;divideFlag=1
CANCER,1060,31,24,24,PROGENITOR,divideCD=5;divideFlag=1
CANCER,1272,27,26,23,PROGENITOR,divideCD=5;divideFlag=1
CANCER,1011,28,26,31,PROGENITOR,divideCD=5;divideFlag=1
CANCER,950,29,25,31,PROGENITOR,divideCD=5;divideFlag=1
CANCER,1188,28,24,21,PROGENITOR,divideCD=5;divideFlag=1
CANCER,1212,28,27,23,PROGENITOR,divideCD=5;divideFlag=1
CANCER,1138,29,27,26,PROGENITOR,divideCD=5;divideFlag=1
CANCER,1078,29,26,30,PROGENITOR,divideCD=5;divideFlag=1
CANCER,999,31,23,29,PROGENITOR,divideCD=5;divideFlag=1
CANCER,1112,29,26,19,PROGENITOR,divideCD=5;divideFlag=1
CANCER,947,26,29,17,PROGENITOR,divideCD=5;divideFlag=1
CANCER,1284,27,28,24,PROGENITOR,divideCD=5;divideFlag=1
CANCER,1261,29,26,26,PROGENITOR,divideCD=5;divideFlag=1
CANCER,1273,28,28,27,PROGENITOR,divideCD=5;divideFlag=1
CANCER,1146,27,28,30,PROGENITOR,divideCD=5;divideFlag=1
CANCER,991,29,27,32,PROGENITOR,divideCD=5;divideFlag=1
CANCER,1251,26,28,21,PROGENITOR,divideCD=5;divideFlag=1
CANCER,1104,29,30,23,PROGENITOR,divideCD=5;divideFlag=1
CANCER,1017,28,32,23,PROGENITOR,divideCD=5;divideFlag=1
CANCER,1192,27,29,27,PROGENITOR,divideCD=5;divideFlag=1
CANCER,975,28,30,29,PROGENITOR,divideCD=5;divideFlag=1
CANCER,976,31,31,24,PROGENITOR,divideCD=5;divideFlag=1
CANCER,948,26,32,24,PROGENITOR,divideCD=5;divideFlag=1
CANCER,1001,29,32,26,PROGENITOR,divideCD=5;divideFlag=1
CANCER,1070,27,30,31,PROGENITOR,divideCD=5;divideFlag=1
CANCER,1040,31,22,24,PROGENITOR,divideCD=5;divideFlag=1
CANCER,1079,30,22,22,PROGENITOR,divideCD=5;divideFlag=1
CANCER,1262,30,25,25,PROGENITOR,divideCD=5;divideFlag=1
CANCER,1169,32,24,26,PROGENITOR,divideCD=5;divideFlag=1
CANCER,921,30,18,28,PROGENITOR,divideCD=5;divideFlag=1
CANCER,1213,29,26,22,PROGENITOR,divideCD=5;divideFlag=1
CANCER,1135,28,21,23,PROGENITOR,divideCD=5;divideFlag=1
CANCER,1233,26,21,26,PROGENITOR,divideCD=5;divideFlag=1
CANCER,1071,29,22,28,PROGENITOR,divideCD=5;divideFlag=1
CANCER,1022,30,22,27,PROGENITOR,divideCD=5;divideFlag=1
CANCER,1150,29,25,21,PROGENITOR,divideCD=5;divideFlag=1
CANCER,1047,29,22,22,PROGENITOR,divideCD=5;divideFlag=1
CANCER,989,32,21,23,PROGENITOR,divideCD=5;divideFlag=1
CANCER,1113,30,24,27,PROGENITOR,divideCD=5;divideFlag=1
CANCER,1023,29,24,29,PROGENITOR,divideCD=5;divideFlag=1
CANCER,925,29,25,18,PROGENITOR,divideCD=5;divideFlag=1
CANCER,926,29,26,18,PROGENITOR,divideCD=5;divideFlag=1
CANCER,1091,30,25,23,PROGENITOR,divideCD=5;divideFlag=1
CANCER,1012,31,25,27,PROGENITOR,divideCD=5;divideFlag=1
CANCER,1013,30,27,30,PROGENITOR,divideCD=5;divideFlag=1
CANCER,1065,29,27,22,PROGENITOR,divideCD=5;divideFlag=1
CANCER,1092,31,26,22,PROGENITOR,divideCD=5;divideFlag=1
CANCER,1114,30,26,27,PROGENITOR,divideCD=5;divideFlag=1
CANCER,1165,30,28,25,PROGENITOR,divideCD=5;divideFlag=1
CANCER,965,30,29,30,PROGENITOR,divideCD=5;divideFlag=1
CANCER,1185,29,27,23,PROGENITOR,divideCD=5;divideFlag=1
CANCER,1066,30,30,25,PROGENITOR,divideCD=5;divideFlag=1
CANCER,944,31,28,27,PROGENITOR,divideCD=5;divideFlag=1
CANCER,1024,30,28,28,PROGENITOR,divideCD=5;divideFlag=1
CANCER,1025,29,29,28,PROGENITOR,divideCD=5;divideFlag=1
CANCER,1128,28,28,21,PROGENITOR,divideCD=5;divideFlag=1
CANCER,1054,29,29,25,PROGENITOR,divideCD=5;divideFlag=1
CANCER,1184,28,30,25,PROGENITOR,divideCD=5;divideFlag=1
CANCER,1083,33,23,24,PROGENITOR,divideCD=5;divideFlag=1
CANCER,1148,28,22,22,PROGENITOR,divideCD=5;divideFlag=1
CANCER,1130,30,23,22,PROGENITOR,divideCD=5;divideFlag=1
CANCER,1118,31,24,26,PROGENITOR,divideCD=5;divideFlag=1
CANCER,952,29,22,20,PROGENITOR,divideCD=5;divideFlag=1
CANCER,1096,31,27,24,PROGENITOR,divideCD=5;divideFlag=1
CANCER,1035,32,23,28,PROGENITOR,divideCD=5;divideFlag=1
CANCER,1084,33,24,24,PROGENITOR,divideCD=5;divideFlag=1
CANCER,1223,30,24,24,PROGENITOR,divideCD=5;divideFlag=1
CANCER,1119,31,24,25,PROGENITOR,divideCD=5;divideFlag=1
CANCER,1131,30,26,28,PROGENITOR,divideCD=5;divideFlag=1
CANCER,1036,32,22,28,PROGENITOR,divideCD=5;divideFlag=1
CANCER,994,31,25,22,PROGENITOR,divideCD=5;divideFlag=1
CANCER,953,32,29,24,PROGENITOR,divideCD=5;divideFlag=1
CANCER,1015,32,26,29,PROGENITOR,divideCD=5;divideFlag=1
CANCER,968,31,29,26,PROGENITOR,divideCD=5;divideFlag=1
CANCER,933,31,28,30,PROGENITOR,divideCD=5;divideFlag=1
CANCER,934,31,29,22,PROGENITOR,divideCD=5;divideFlag=1
CANCER,1243,29,26,24,PROGENITOR,divideCD=5;divideFlag=1
CANCER,969,32,27,27,PROGENITOR,divideCD=5;divideFlag=1
CANCER,939,31,31,23,PROGENITOR,divideCD=5;divideFlag=1
CANCER,940,33,25,27,PROGENITOR,divideCD=5;divideFlag=1
CANCER,1502,19,28,24,PROGENITOR,divideCD=6;divideFlag=1
CANCER,1367,20,20,23,PROGENITOR,divideCD=6;divideFlag=1
CANCER,1368,19,21,22,PROGENITOR,divideCD=6;divideFlag=1
CANCER,1444,21,20,24,PROGENITOR,divideCD=6;divideFlag=1
CANCER,1584,22,22,26,PROGENITOR,divideCD=6;divideFlag=1
CANCER,1422,19,20,26,PROGENITOR,divideCD=6;divideFlag=1
CANCER,1565,21,21,28,PROGENITOR,divideCD=6;divideFlag=1
CANCER,1527,21,23,25,PROGENITOR,divideCD=6;divideFlag=1
CANCER,1423,20,23,21,PROGENITOR,divideCD=6;divideFlag=1
CANCER,1346,18,25,22,PROGENITOR,divideCD=6;divideFlag=1
CANCER,1301,18,22,26,PROGENITOR,divideCD=6;divideFlag=1
CANCER,1403,20,23,30,PROGENITOR,divideCD=6;divideFlag=1
CANCER,1566,22,28,21,PROGENITOR,divideCD=6;divideFlag=1
CANCER,1554,20,26,23,PROGENITOR,divideCD=6;divideFlag=1
CANCER,1312,18,29,24,PROGENITOR,divideCD=6;divideFlag=1
CANCER,1383,18,27,26,PROGENITOR,divideCD=6;divideFlag=1
CANCER,1369,20,21,29,PROGENITOR,divideCD=6;divideFlag=1
CANCER,1567,21,27,27,PROGENITOR,divideCD=6;divideFlag=1
CANCER,1600,21,25,23,PROGENITOR,divideCD=6;divideFlag=1
CANCER,1555,19,25,27,PROGENITOR,divideCD=6;divideFlag=1
CANCER,1370,18,25,24,PROGENITOR,divideCD=6;divideFlag=1
CANCER,1326,18,26,28,PROGENITOR,divideCD=6;divideFlag=1
CANCER,1313,18,30,24,PROGENITOR,divideCD=6;divideFlag=1
CANCER,1503,20,28,23,PROGENITOR,divideCD=6;divideFlag=1
CANCER,1384,18,28,26,PROGENITOR,divideCD=6;divideFlag=1
CANCER,1504,20,23,27,PROGENITOR,divideCD=6;divideFlag=1
CANCER,1505,21,29,28,PROGENITOR,divideCD=6;divideFlag=1
CANCER,1568,22,30,25,PROGENITOR,divideCD=6;divideFlag=1
CANCER,1473,21,20,27,PROGENITOR,divideCD=6;divideFlag=1
CANCER,1424,20,24,22,PROGENITOR,divideCD=6;divideFlag=1
CANCER,1472,25,19,23,PROGENITOR,divideCD=6;divideFlag=1
CANCER,1538,20,22,25,PROGENITOR,divideCD=6;divideFlag=1
CANCER,1336,21,18,28,PROGENITOR,divideCD=6;divideFlag=1
CANCER,1539,20,21,25,PROGENITOR,divideCD=6;divideFlag=1
CANCER,1515,22,23,21,PROGENITOR,divideCD=6;divideFlag=1
CANCER,1316,18,21,24,PROGENITOR,divideCD=6;divideFlag=1
CANCER,1595,21,23,24,PROGENITOR,divideCD=6;divideFlag=1
CANCER,1596,21,25,26,PROGENITOR,divideCD=6;divideFlag=1
CANCER,1580,21,23,27,PROGENITOR,divideCD=6;divideFlag=1
CANCER,1619,24,22,27,PROGENITOR,divideCD=6;divideFlag=1
CANCER,1448,22,24,20,PROGENITOR,divideCD=6;divideFlag=1
CANCER,1563,23,27,22,PROGENITOR,divideCD=6;divideFlag=1
CANCER,1597,22,23,23,PROGENITOR,divideCD=6;divideFlag=1
CANCER,1351,17,24,25,PROGENITOR,divideCD=6;divideFlag=1
CANCER,1616,22,27,25,PROGENITOR,divideCD=6;divideFlag=1
CANCER,1516,22,28,29,PROGENITOR,divideCD=6;divideFlag=1
CANCER,1581,22,25,29,PROGENITOR,divideCD=6;divideFlag=1
CANCER,1371,20,26,20,PROGENITOR,divideCD=6;divideFlag=1
CANCER,1430,20,27,22,PROGENITOR,divideCD=6;divideFlag=1
CANCER,1598,20,25,23,PROGENITOR,divideCD=6;divideFlag=1
CANCER,1407,20,24,29,PROGENITOR,divideCD=6;divideFlag=1
CANCER,1582,22,26,30,PROGENITOR,divideCD=6;divideFlag=1
CANCER,1486,21,23,29,PROGENITOR,divideCD=6;divideFlag=1
CANCER,1304,19,29,20,PROGENITOR,divideCD=6;divideFlag=1
CANCER,1517,21,23,22,PROGENITOR,divideCD=6;divideFlag=1
CANCER,1610,22,26,22,PROGENITOR,divideCD=6;divideFlag=1
CANCER,1380,17,26,25,PROGENITOR,divideCD=6;divideFlag=1
CANCER,1583,21,24,28,PROGENITOR,divideCD=6;divideFlag=1
CANCER,1611,22,27,26,PROGENITOR,divideCD=6;divideFlag=1
CANCER,1416,20,29,28,PROGENITOR,divideCD=6;divideFlag=1
CANCER,1604,24,29,23,PROGENITOR,divideCD=6;divideFlag=1
CANCER,1449,19,27,22,PROGENITOR,divideCD=6;divideFlag=1
CANCER,1617,22,28,24,PROGENITOR,divideCD=6;divideFlag=1
CANCER,1575,20,28,26,PROGENITOR,divideCD=6;divideFlag=1
CANCER,1323,20,28,32,PROGENITOR,divideCD=6;divideFlag=1
CANCER,1576,21,29,26,PROGENITOR,divideCD=6;divideFlag=1
CANCER,1429,21,31,24,PROGENITOR,divideCD=6;divideFlag=1
CANCER,1294,20,31,28,PROGENITOR,divideCD=6;divideFlag=1
CANCER,1307,17,28,28,PROGENITOR,divideCD=6;divideFlag=1
CANCER,1324,20,32,24,PROGENITOR,divideCD=6;divideFlag=1
CANCER,1362,24,20,20,PROGENITOR,divideCD=6;divideFlag=1
CANCER,1363,23,20,20,PROGENITOR,divideCD=6;divideFlag=1
CANCER,1450,24,18,26,PROGENITOR,divideCD=6;divideFlag=1
CANCER,1377,22,18,28,PROGENITOR,divideCD=6;divideFlag=1
CANCER,1605,22,22,23,PROGENITOR,divideCD=6;divideFlag=1
CANCER,1482,22,20,23,PROGENITOR,divideCD=6;divideFlag=1
CANCER,1548,22,19,25,PROGENITOR,divideCD=6;divideFlag=1
CANCER,1507,22,20,27,PROGENITOR,divideCD=6;divideFlag=1
CANCER,1620,24,21,25,PROGENITOR,divideCD=6;divideFlag=1
CANCER,1344,22,21,31,PROGENITOR,divideCD=6;divideFlag=1
CANCER,1508,21,19,27,PROGENITOR,divideCD=6;divideFlag=1
CANCER,1467,22,24,19,PROGENITOR,divideCD=6;divideFlag=1
CANCER,1594,23,23,25,PROGENITOR,divideCD=6;divideFlag=1
CANCER,1325,18,22,25,PROGENITOR,divideCD=6;divideFlag=1
CANCER,1520,22,22,28,PROGENITOR,divideCD=6;divideFlag=1
CANCER,1521,23,22,30,PROGENITOR,divideCD=6;divideFlag=1
CANCER,1474,23,24,21,PROGENITOR,divideCD=6;divideFlag=1
CANCER,1543,22,25,22,PROGENITOR,divideCD=6;divideFlag=1
CANCER,1418,23,24,31,PROGENITOR,divideCD=6;divideFlag=1
CANCER,1295,20,27,18,PROGENITOR,divideCD=6;divideFlag=1
CANCER,1475,23,26,20,PROGENITOR,divideCD=6;divideFlag=1
CANCER,1493,21,25,29,PROGENITOR,divideCD=6;divideFlag=1
CANCER,1354,23,26,33,PROGENITOR,divideCD=6;divideFlag=1
CANCER,1337,20,28,20,PROGENITOR,divideCD=6;divideFlag=1
CANCER,1451,23,25,31,PROGENITOR,divideCD=6;divideFlag=1
CANCER,1386,21,27,32,PROGENITOR,divideCD=6;divideFlag=1
CANCER,1355,23,25,33,PROGENITOR,divideCD=6;divideFlag=1
CANCER,1314,22,29,17,PROGENITOR,divideCD=6;divideFlag=1
CANCER,1442,23,30,20,PROGENITOR,divideCD=6;divideFlag=1
CANCER,1606,24,29,24,PROGENITOR,divideCD=6;divideFlag=1
CANCER,1613,23,27,28,PROGENITOR,divideCD=6;divideFlag=1
CANCER,1614,23,28,28,PROGENITOR,divideCD=6;divideFlag=1
CANCER,1398,21,28,31,PROGENITOR,divideCD=6;divideFlag=1
CANCER,1591,22,28,28,PROGENITOR,divideCD=6;divideFlag=1
CANCER,1511,23,30,22,PROGENITOR,divideCD=6;divideFlag=1
CANCER,1428,22,29,20,PROGENITOR,divideCD=6;divideFlag=1
CANCER,1533,20,28,24,PROGENITOR,divideCD=6;divideFlag=1
CANCER,1592,22,28,27,PROGENITOR,divideCD=6;divideFlag=1
CANCER,1573,24,28,29,PROGENITOR,divideCD=6;divideFlag=1
CANCER,1338,24,31,30,PROGENITOR,divideCD=6;divideFlag=1
CANCER,1378,21,31,21,PROGENITOR,divideCD=6;divideFlag=1
CANCER,1607,22,30,24,PROGENITOR,divideCD=6;divideFlag=1
CANCER,1512,24,30,22,PROGENITOR,divideCD=6;divideFlag=1
CANCER,1608,23,30,26,PROGENITOR,divideCD=6;divideFlag=1
CANCER,1556,23,30,29,PROGENITOR,divideCD=6;divideFlag=1
CANCER,1399,24,20,22,PROGENITOR,divideCD=6;divideFlag=1
CANCER,1465,25,19,24,PROGENITOR,divideCD=6;divideFlag=1
CANCER,1593,23,19,25,PROGENITOR,divideCD=6;divideFlag=1
CANCER,1292,25,16,28,PROGENITOR,divideCD=6;divideFlag=1
CANCER,1490,23,19,28,PROGENITOR,divideCD=6;divideFlag=1
CANCER,1400,23,19,21,PROGENITOR,divideCD=6;divideFlag=1
CANCER,1339,22,20,21,PROGENITOR,divideCD=6;divideFlag=1
CANCER,1356,24,18,23,PROGENITOR,divideCD=6;divideFlag=1
CANCER,1491,24,20,27,PROGENITOR,divideCD=6;divideFlag=1
CANCER,1462,24,22,21,PROGENITOR,divideCD=6;divideFlag=1
CANCER,1328,24,23,18,PROGENITOR,divideCD=6;divideFlag=1
CANCER,1552,23,22,24,PROGENITOR,divideCD=6;divideFlag=1
CANCER,1506,25,23,29,PROGENITOR,divideCD=6;divideFlag=1
CANCER,1480,27,23,30,PROGENITOR,divideCD=6;divideFlag=1
CANCER,1463,24,25,20,PROGENITOR,divideCD=6;divideFlag=1
CANCER,1553,25,24,21,PROGENITOR,divideCD=6;divideFlag=1
CANCER,1532,25,24,28,PROGENITOR,divideCD=6;divideFlag=1
CANCER,1395,22,23,29,PROGENITOR,divideCD=6;divideFlag=1
CANCER,1311,24,22,31,PROGENITOR,divideCD=6;divideFlag=1
CANCER,1348,23,27,18,PROGENITOR,divideCD=6;divideFlag=1
CANCER,1464,24,28,21,PROGENITOR,divideCD=6;divideFlag=1
CANCER,1579,24,26,30,PROGENITOR,divideCD=6;divideFlag=1
CANCER,1481,27,24,30,PROGENITOR,divideCD=6;divideFlag=1
CANCER,1434,23,27,19,PROGENITOR,divideCD=6;divideFlag=1
CANCER,1420,26,26,24,PROGENITOR,divideCD=6;divideFlag=1
CANCER,1460,25,26,26,PROGENITOR,divideCD=6;divideFlag=1
CANCER,1342,22,24,31,PROGENITOR,divideCD=6;divideFlag=1
CANCER,1485,26,28,32,PROGENITOR,divideCD=6;divideFlag=1
CANCER,1545,25,27,19,PROGENITOR,divideCD=6;divideFlag=1
CANCER,1353,22,28,31,PROGENITOR,divideCD=6;divideFlag=1
CANCER,1320,24,27,18,PROGENITOR,divideCD=6;divideFlag=1
CANCER,1585,23,30,25,PROGENITOR,divideCD=6;divideFlag=1
CANCER,1546,25,29,28,PROGENITOR,divideCD=6;divideFlag=1
CANCER,1425,24,32,26,PROGENITOR,divideCD=6;divideFlag=1
CANCER,1343,24,29,32,PROGENITOR,divideCD=6;divideFlag=1
CANCER,1461,25,31,24,PROGENITOR,divideCD=6;divideFlag=1
CANCER,1321,22,32,22,PROGENITOR,divideCD=6;divideFlag=1
CANCER,1374,24,32,22,PROGENITOR,divideCD=6;divideFlag=1
CANCER,1499,23,29,30,PROGENITOR,divideCD=6;divideFlag=1
CANCER,1547,26,30,28,PROGENITOR,divideCD=6;divideFlag=1
CANCER,1440,26,20,25,PROGENITOR,divideCD=6;divideFlag=1
CANCER,1391,27,21,19,PROGENITOR,divideCD=6;divideFlag=1
CANCER,1529,25,21,22,PROGENITOR,divideCD=6;divideFlag=1
CANCER,1569,24,20,25,PROGENITOR,divideCD=6;divideFlag=1
CANCER,1441,26,19,26,PROGENITOR,divideCD=6;divideFlag=1
CANCER,1601,25,21,28,PROGENITOR,divideCD=6;divideFlag=1
CANCER,1322,24,18,27,PROGENITOR,divideCD=6;divideFlag=1
CANCER,1299,27,17,29,PROGENITOR,divideCD=6;divideFlag=1
CANCER,1318,23,22,18,PROGENITOR,divideCD=6;divideFlag=1
CANCER,1488,24,23,19,PROGENITOR,divideCD=6;divideFlag=1
CANCER,1564,26,21,23,PROGENITOR,divideCD=6;divideFlag=1
CANCER,1437,26,20,21,PROGENITOR,divideCD=6;divideFlag=1
CANCER,1540,24,21,22,PROGENITOR,divideCD=6;divideFlag=1
CANCER,1417,25,20,29,PROGENITOR,divideCD=6;divideFlag=1
CANCER,1586,26,23,28,PROGENITOR,divideCD=6;divideFlag=1
CANCER,1394,27,20,28,PROGENITOR,divideCD=6;divideFlag=1
CANCER,1319,24,22,18,PROGENITOR,divideCD=6;divideFlag=1
CANCER,1541,24,23,21,PROGENITOR,divideCD=6;divideFlag=1
CANCER,1615,29,24,23,PROGENITOR,divideCD=6;divideFlag=1
CANCER,1599,27,23,26,PROGENITOR,divideCD=6;divideFlag=1
CANCER,1340,24,22,32,PROGENITOR,divideCD=6;divideFlag=1
CANCER,1359,24,23,17,PROGENITOR,divideCD=6;divideFlag=1
CANCER,1379,25,22,32,PROGENITOR,divideCD=6;divideFlag=1
CANCER,1471,26,25,18,PROGENITOR,divideCD=6;divideFlag=1
CANCER,1510,25,22,19,PROGENITOR,divideCD=6;divideFlag=1
CANCER,1587,26,26,20,PROGENITOR,divideCD=6;divideFlag=1
CANCER,1306,26,26,33,PROGENITOR,divideCD=6;divideFlag=1
CANCER,1489,25,26,22,PROGENITOR,divideCD=6;divideFlag=1
CANCER,1438,25,27,31,PROGENITOR,divideCD=6;divideFlag=1
CANCER,1518,25,25,19,PROGENITOR,divideCD=6;divideFlag=1
CANCER,1397,26,27,18,PROGENITOR,divideCD=6;divideFlag=1
CANCER,1519,24,30,26,PROGENITOR,divideCD=6;divideFlag=1
CANCER,1458,27,28,29,PROGENITOR,divideCD=6;divideFlag=1
CANCER,1345,26,31,29,PROGENITOR,divideCD=6;divideFlag=1
CANCER,1327,29,28,18,PROGENITOR,divideCD=6;divideFlag=1
CANCER,1364,27,29,20,PROGENITOR,divideCD=6;divideFlag=1
CANCER,1459,25,29,25,PROGENITOR,divideCD=6;divideFlag=1
CANCER,1315,23,30,18,PROGENITOR,divideCD=6;divideFlag=1
CANCER,1390,27,32,23,PROGENITOR,divideCD=6;divideFlag=1
CANCER,1577,23,29,24,PROGENITOR,divideCD=6;divideFlag=1
CANCER,1408,27,31,27,PROGENITOR,divideCD=6;divideFlag=1
CANCER,1409,25,31,27,PROGENITOR,divideCD=6;divideFlag=1
CANCER,1410,26,31,27,PROGENITOR,divideCD=6;divideFlag=1
CANCER,1445,25,31,25,PROGENITOR,divideCD=6;divideFlag=1
CANCER,1376,28,20,22,PROGENITOR,divideCD=6;divideFlag=1
CANCER,1411,27,20,26,PROGENITOR,divideCD=6;divideFlag=1
CANCER,1412,25,20,27,PROGENITOR,divideCD=6;divideFlag=1
CANCER,1357,30,20,25,PROGENITOR,divideCD=6;divideFlag=1
CANCER,1468,25,21,20,PROGENITOR,divideCD=6;divideFlag=1
CANCER,1578,30,22,23,PROGENITOR,divideCD=6;divideFlag=1
CANCER,1544,26,24,20,PROGENITOR,divideCD=6;divideFlag=1
CANCER,1497,27,22,21,PROGENITOR,divideCD=6;divideFlag=1
CANCER,1562,27,23,24,PROGENITOR,divideCD=6;divideFlag=1
CANCER,1498,29,22,26,PROGENITOR,divideCD=6;divideFlag=1
CANCER,1522,27,21,28,PROGENITOR,divideCD=6;divideFlag=1
CANCER,1300,27,22,18,PROGENITOR,divideCD=6;divideFlag=1
CANCER,1466,27,24,20,PROGENITOR,divideCD=6;divideFlag=1
CANCER,1496,31,24,23,PROGENITOR,divideCD=6;divideFlag=1
CANCER,1302,27,27,33,PROGENITOR,divideCD=6;divideFlag=1
CANCER,1341,27,24,18,PROGENITOR,divideCD=6;divideFlag=1
CANCER,1478,27,25,20,PROGENITOR,divideCD=6;divideFlag=1
CANCER,1609,28,25,28,PROGENITOR,divideCD=6;divideFlag=1
CANCER,1542,26,25,32,PROGENITOR,divideCD=6;divideFlag=1
CANCER,1421,24,28,32,PROGENITOR,divideCD=6;divideFlag=1
CANCER,1404,27,28,20,PROGENITOR,divideCD=6;divideFlag=1
CANCER,1439,27,25,23,PROGENITOR,divideCD=6;divideFlag=1
CANCER,1561,28,27,26,PROGENITOR,divideCD=6;divideFlag=1
CANCER,1523,27,27,30,PROGENITOR,divideCD=6;divideFlag=1
CANCER,1524,26,28,30,PROGENITOR,divideCD=6;divideFlag=1
CANCER,1358,29,28,19,PROGENITOR,divideCD=6;divideFlag=1
CANCER,1381,29,29,21,PROGENITOR,divideCD=6;divideFlag=1
CANCER,1347,28,30,31,PROGENITOR,divideCD=6;divideFlag=1
CANCER,1405,25,29,31,PROGENITOR,divideCD=6;divideFlag=1
CANCER,1483,24,29,21,PROGENITOR,divideCD=6;divideFlag=1
CANCER,1528,26,29,22,PROGENITOR,divideCD=6;divideFlag=1
CANCER,1455,27,30,24,PROGENITOR,divideCD=6;divideFlag=1
CANCER,1388,26,32,21,PROGENITOR,divideCD=6;divideFlag=1
CANCER,1389,28,31,24,PROGENITOR,divideCD=6;divideFlag=1
CANCER,1305,26,34,28,PROGENITOR,divideCD=6;divideFlag=1
CANCER,1456,27,31,26,PROGENITOR,divideCD=6;divideFlag=1
CANCER,1431,26,20,24,PROGENITOR,divideCD=6;divideFlag=1
CANCER,1574,28,22,23,PROGENITOR,divideCD=6;divideFlag=1
CANCER,1406,26,19,27,PROGENITOR,divideCD=6;divideFlag=1
CANCER,1365,27,20,27,PROGENITOR,divideCD=6;divideFlag=1
CANCER,1484,28,23,20,PROGENITOR,divideCD=6;divideFlag=1
CANCER,1549,30,21,25,PROGENITOR,divideCD=6;divideFlag=1
CANCER,1550,29,22,25,PROGENITOR,divideCD=6;divideFlag=1
CANCER,1457,29,23,29,PROGENITOR,divideCD=6;divideFlag=1
CANCER,1329,28,22,31,PROGENITOR,divideCD=6;divideFlag=1
CANCER,1500,30,21,21,PROGENITOR,divideCD=6;divideFlag=1
CANCER,1501,30,22,21,PROGENITOR,divideCD=6;divideFlag=1
CANCER,1382,31,22,26,PROGENITOR,divideCD=6;divideFlag=1
CANCER,1330,26,21,32,PROGENITOR,divideCD=6;divideFlag=1
CANCER,1513,25,25,31,PROGENITOR,divideCD=6;divideFlag=1
CANCER,1396,29,24,19,PROGENITOR,divideCD=6;divideFlag=1
CANCER,1514,28,22,21,PROGENITOR,divideCD=6;divideFlag=1
CANCER,1603,29,25,28,PROGENITOR,divideCD=6;divideFlag=1
CANCER,1534,28,24,30,PROGENITOR,divideCD=6;divideFlag=1
CANCER,1360,27,27,18,PROGENITOR,divideCD=6;divideFlag=1
CANCER,1487,32,23,23,PROGENITOR,divideCD=6;divideFlag=1
CANCER,1560,28,25,25,PROGENITOR,divideCD=6;divideFlag=1
CANCER,1588,27,25,30,PROGENITOR,divideCD=6;divideFlag=1
CANCER,1293,28,25,33,PROGENITOR,divideCD=6;divideFlag=1
CANCER,1469,28,25,20,PROGENITOR,divideCD=6;divideFlag=1
CANCER,1470,28,26,20,PROGENITOR,divideCD=6;divideFlag=1
CANCER,1443,28,29,23,PROGENITOR,divideCD=6;divideFlag=1
CANCER,1589,28,26,30,PROGENITOR,divideCD=6;divideFlag=1
CANCER,1419,28,27,19,PROGENITOR,divideCD=6;divideFlag=1
CANCER,1317,26,30,18,PROGENITOR,divideCD=6;divideFlag=1
CANCER,1551,27,28,22,PROGENITOR,divideCD=6;divideFlag=1
CANCER,1414,31,28,23,PROGENITOR,divideCD=6;divideFlag=1
CANCER,1612,30,26,26,PROGENITOR,divideCD=6;divideFlag=1
CANCER,1453,29,30,27,PROGENITOR,divideCD=6;divideFlag=1
CANCER,1494,27,30,29,PROGENITOR,divideCD=6;divideFlag=1
CANCER,1618,29,26,27,PROGENITOR,divideCD=6;divideFlag=1
CANCER,1570,30,26,30,PROGENITOR,divideCD=6;divideFlag=1
CANCER,1392,29,31,25,PROGENITOR,divideCD=6;divideFlag=1
CANCER,1525,29,29,26,PROGENITOR,divideCD=6;divideFlag=1
CANCER,1372,27,31,29,PROGENITOR,divideCD=6;divideFlag=1
CANCER,1454,29,29,24,PROGENITOR,divideCD=6;divideFlag=1
CANCER,1526,26,32,23,PROGENITOR,divideCD=6;divideFlag=1
CANCER,1352,27,33,26,PROGENITOR,divideCD=6;divideFlag=1
CANCER,1393,30,31,26,PROGENITOR,divideCD=6;divideFlag=1
CANCER,1495,27,29,30,PROGENITOR,divideCD=6;divideFlag=1
CANCER,1479,31,21,23,PROGENITOR,divideCD=6;divideFlag=1
CANCER,1432,30,19,23,PROGENITOR,divideCD=6;divideFlag=1
CANCER,1433,32,22,25,PROGENITOR,divideCD=6;divideFlag=1
CANCER,1298,30,19,29,PROGENITOR,divideCD=6;divideFlag=1
CANCER,1415,29,27,20,PROGENITOR,divideCD=6;divideFlag=1
CANCER,1333,29,20,22,PROGENITOR,divideCD=6;divideFlag=1
CANCER,1590,29,21,26,PROGENITOR,divideCD=6;divideFlag=1
CANCER,1373,31,21,28,PROGENITOR,divideCD=6;divideFlag=1
CANCER,1426,31,23,27,PROGENITOR,divideCD=6;divideFlag=1
CANCER,1308,31,25,20,PROGENITOR,divideCD=6;divideFlag=1
CANCER,1557,29,24,21,PROGENITOR,divideCD=6;divideFlag=1
CANCER,1361,30,25,17,PROGENITOR,divideCD=6;divideFlag=1
CANCER,1385,32,25,28,PROGENITOR,divideCD=6;divideFlag=1
CANCER,1530,29,28,28,PROGENITOR,divideCD=6;divideFlag=1
CANCER,1571,28,25,30,PROGENITOR,divideCD=6;divideFlag=1
CANCER,1492,26,27,19,PROGENITOR,divideCD=6;divideFlag=1
CANCER,1332,31,28,22,PROGENITOR,divideCD=6;divideFlag=1
CANCER,1401,31,26,23,PROGENITOR,divideCD=6;divideFlag=1
CANCER,1531,30,27,27,PROGENITOR,divideCD=6;divideFlag=1
CANCER,1476,28,28,29,PROGENITOR,divideCD=6;divideFlag=1
CANCER,1446,29,28,23,PROGENITOR,divideCD=6;divideFlag=1
CANCER,1447,30,27,24,PROGENITOR,divideCD=6;divideFlag=1
CANCER,1427,30,27,29,PROGENITOR,divideCD=6;divideFlag=1
CANCER,1402,30,29,28,PROGENITOR,divideCD=6;divideFlag=1
CANCER,1509,29,30,25,PROGENITOR,divideCD=6;divideFlag=1
CANCER,1296,29,33,27,PROGENITOR,divideCD=6;divideFlag=1
CANCER,1435,32,21,25,PROGENITOR,divideCD=6;divideFlag=1
CANCER,1602,29,23,22,PROGENITOR,divideCD=6;divideFlag=1
CANCER,1535,31,26,26,PROGENITOR,divideCD=6;divideFlag=1
CANCER,1375,31,22,27,PROGENITOR,divideCD=6;divideFlag=1
CANCER,1309,31,23,19,PROGENITOR,divideCD=6;divideFlag=1
CANCER,1349,33,25,24,PROGENITOR,divideCD=6;divideFlag=1
CANCER,1558,31,23,24,PROGENITOR,divideCD=6;divideFlag=1
CANCER,1297,32,22,29,PROGENITOR,divideCD=6;divideFlag=1
CANCER,1536,30,27,22,PROGENITOR,divideCD=6;divideFlag=1
CANCER,1559,32,23,24,PROGENITOR,divideCD=6;divideFlag=1
CANCER,1572,30,25,30,PROGENITOR,divideCD=6;divideFlag=1
CANCER,1350,31,24,29,PROGENITOR,divideCD=6;divideFlag=1
CANCER,1477,32,26,21,PROGENITOR,divideCD=6;divideFlag=1
CANCER,1413,31,28,24,PROGENITOR,divideCD=6;divideFlag=1
CANCER,1310,33,26,28,PROGENITOR,divideCD=6;divideFlag=1
CANCER,1436,32,28,27,PROGENITOR,divideCD=6;divideFlag=1
CANCER,1387,31,25,29,PROGENITOR,divideCD=6;divideFlag=1
CANCER,1334,31,29,23,PROGENITOR,divideCD=6;divideFlag=1
CANCER,1452,31,26,24,PROGENITOR,divideCD=6;divideFlag=1
CANCER,1537,31,25,25,PROGENITOR,divideCD=6;divideFlag=1
CANCER,1335,29,31,28,PROGENITOR,divideCD=6;divideFlag=1
CANCER,1366,32,28,28,PROGENITOR,divideCD=6;divideFlag=1
CANCER,1303,29,32,22,PROGENITOR,divideCD=6;divideFlag=1
CANCER,1331,33,26,26,PROGENITOR,divideCD=6;divideFlag=1
